real_prop,pred_prop,pred_prop_2017,predset,year,pred_state,model,n
0.055827309140966,0.0657712297974145,0.0652933927537915,Using Identity Responses,2013,NC,ridgelog,1846
0.0692219209963767,0.0762855484989045,0.0748714869134394,Using Identity Responses,2015,NC,ridgelog,6178
0.0818405304321545,0.0958185035456257,0.0958185035456257,Using Identity Responses,2017,NC,ridgelog,3151
0.055827309140966,0.0682962280616942,0.0676721885643554,Not Using Identity Responses,2013,NC,ridgelog,1846
0.0692219209963767,0.0739071097782086,0.0721484774241731,Not Using Identity Responses,2015,NC,ridgelog,6178
0.0818405304321545,0.0867222287640113,0.0867222287640113,Not Using Identity Responses,2017,NC,ridgelog,3151
