real_prop,pred_prop,pred_prop_2017,predset,year,pred_state,model,n
0.0646944853761934,0.0711394077149519,0.0709636249797876,Using Identity Responses,2013,HI,rf,4631
0.0588180168301436,0.0763133929254716,0.0763249581326808,Using Identity Responses,2015,HI,rf,6089
0.0702698816680378,0.0817930292259269,0.0817930292259269,Using Identity Responses,2017,HI,rf,6031
0.0646944853761934,0.0736800106843232,0.0737356328136265,Not Using Identity Responses,2013,HI,rf,4631
0.0588180168301436,0.0708240322471014,0.0709088854015868,Not Using Identity Responses,2015,HI,rf,6089
0.0702698816680378,0.0696978335537713,0.0696978335537713,Not Using Identity Responses,2017,HI,rf,6031
