real_prop,pred_prop,pred_prop_2017,predset,year,pred_state,model,n
0.0835750163988668,0.0946233041189133,0.0946233041189133,Using Identity Responses,2017,SC,rf,1501
0.0835750163988668,0.08032310427082,0.08032310427082,Not Using Identity Responses,2017,SC,rf,1501
