real_prop,pred_prop,pred_prop_2017,predset,year,pred_state,model,n
0.0677192929693558,0.0591188029784829,0.0591188029784829,Using Identity Responses,2017,TX,logit,2113
0.0677192929693558,0.0571907788912541,0.0571907788912541,Not Using Identity Responses,2017,TX,logit,2113
