real_prop,pred_prop,pred_prop_2017,predset,year,pred_state,model,n
0.0706482542917719,0.0727839554855019,0.0727490500121507,Using Identity Responses,2015,WY,gbrt,2424
0.0706482542917719,0.0753745209897326,0.0755926388844206,Not Using Identity Responses,2015,WY,gbrt,2424
