real_prop,pred_prop,pred_prop_2017,predset,year,pred_state,model,n
0.0711420764216082,0.0537906506632873,0.0537906506632873,Using Identity Responses,2013,RI,lasso,2453
0.0684448520853534,0.0788068708566979,0.0775560950200875,Using Identity Responses,2015,RI,lasso,3462
0.0746577576826084,0.0814462673209367,0.0814462673209367,Using Identity Responses,2017,RI,lasso,2221
0.0711420764216082,0.0574769961287226,0.0574769961287226,Not Using Identity Responses,2013,RI,lasso,2453
0.0684448520853534,0.0760023670625404,0.07475159122593,Not Using Identity Responses,2015,RI,lasso,3462
0.0746577576826084,0.0733194451701861,0.0733194451701861,Not Using Identity Responses,2017,RI,lasso,2221
