real_prop,pred_prop,pred_prop_2017,predset,year,pred_state,model,n
0.0835750163988668,0.0903737454012902,0.0903737454012902,Using Identity Responses,2017,SC,ridgelog,1501
0.0835750163988668,0.0778156201737247,0.0778156201737247,Not Using Identity Responses,2017,SC,ridgelog,1501
