real_prop,pred_prop,pred_prop_2017,predset,year,pred_state,model,n
0.0682562977142355,0.043209536828823,0.0427729277283244,Using Identity Responses,2013,ME,ridge,9017
0.0725037240773308,0.0528539595867672,0.0499171756177004,Using Identity Responses,2015,ME,ridge,9605
0.0804764767521303,0.0580530381381634,0.0580530381381634,Using Identity Responses,2017,ME,ridge,9501
0.0682562977142355,0.0484541666313375,0.0480175575308389,Not Using Identity Responses,2013,ME,ridge,9017
0.0725037240773308,0.0508032845907852,0.0478665006217184,Not Using Identity Responses,2015,ME,ridge,9605
0.0804764767521303,0.0485776929431753,0.0485776929431753,Not Using Identity Responses,2017,ME,ridge,9501
