real_prop,pred_prop,pred_prop_2017,predset,year,pred_state,model,n
0.0777399937819476,0.0835722966879908,0.0814926240026426,Using Identity Responses,2015,NM,ridgelog,8304
0.0782656168160385,0.0937300320196305,0.0937300320196305,Using Identity Responses,2017,NM,ridgelog,5781
0.0777399937819476,0.0752952336330286,0.072878606476129,Not Using Identity Responses,2015,NM,ridgelog,8304
0.0782656168160385,0.0857443449685281,0.0857443449685281,Not Using Identity Responses,2017,NM,ridgelog,5781
