real_prop,pred_prop,pred_prop_2017,predset,year,pred_state,model,n
0.0539962582515571,0.0634329387593493,0.0634329387593493,Using Identity Responses,2013,NH,lassolog,1634
0.0541399534169904,0.0593529604816862,0.0593529604816862,Using Identity Responses,2017,NH,lassolog,12050
0.0539962582515571,0.0762108391111442,0.0762108391111442,Not Using Identity Responses,2013,NH,lassolog,1634
0.0541399534169904,0.0563194096632053,0.0563194096632053,Not Using Identity Responses,2017,NH,lassolog,12050
