real_prop,pred_prop,pred_prop_2017,predset,year,pred_state,model,n
0.0764650112310126,0.0708319487445159,0.0681208117831734,Using Identity Responses,2015,MD,ridge,55596
0.0764650112310126,0.0609572033596239,0.0582460663982815,Not Using Identity Responses,2015,MD,ridge,55596
