real_prop,pred_prop,pred_prop_2017,predset,year,pred_state,model,n
0.0594562024416133,0.057286335443952,0.0573149391185451,Using Identity Responses,2015,MA,gbrt,3120
0.0783309080054738,0.061788446566233,0.061788446566233,Using Identity Responses,2017,MA,gbrt,3286
0.0594562024416133,0.0602646909217948,0.0603225942765368,Not Using Identity Responses,2015,MA,gbrt,3120
0.0783309080054738,0.0591779935205962,0.0591779935205962,Not Using Identity Responses,2017,MA,gbrt,3286
