real_prop,pred_prop,pred_prop_2017,predset,year,pred_state,model,n
0.055827309140966,0.0656308261439442,0.0656308261439442,Using Identity Responses,2013,NC,lassolog,1846
0.0692219209963767,0.0799664679776444,0.0799664679776444,Using Identity Responses,2015,NC,lassolog,6178
0.0818405304321545,0.0930322481536951,0.0930322481536951,Using Identity Responses,2017,NC,lassolog,3151
0.055827309140966,0.071276765924714,0.071276765924714,Not Using Identity Responses,2013,NC,lassolog,1846
0.0692219209963767,0.0820615866002445,0.0820615866002445,Not Using Identity Responses,2015,NC,lassolog,6178
0.0818405304321545,0.0870711757497065,0.0870711757497065,Not Using Identity Responses,2017,NC,lassolog,3151
