real_prop,pred_prop,pred_prop_2017,predset,year,pred_state,model,n
0.0677192929693558,0.0718583523320204,0.0718583523320204,Using Identity Responses,2017,TX,lassolog,2113
0.0677192929693558,0.0697776348172022,0.0697776348172022,Not Using Identity Responses,2017,TX,lassolog,2113
