real_prop,pred_prop,pred_prop_2017,predset,year,pred_state,model,n
0.0543458809961899,0.0556699995946292,0.0558210905302104,Not Using Identity Responses,2013,KY,ridge,1626
0.0802062244706853,0.077474772529928,0.0747607241788624,Using Identity Responses,2015,KY,ridge,2577
0.0721530462238808,0.0826213454226736,0.0826213454226736,Using Identity Responses,2017,KY,ridge,1997
0.0802062244706853,0.0737133037837499,0.0709992554326844,Not Using Identity Responses,2015,KY,ridge,2577
0.0721530462238808,0.0732204307731501,0.0732204307731501,Not Using Identity Responses,2017,KY,ridge,1997
