real_prop,pred_prop,pred_prop_2017,predset,year,pred_state,model,n
0.0598498059789126,0.061414252588843,0.061414252588843,Using Identity Responses,2013,DE,lassolog,2756
0.0497653161260534,0.0698123377678818,0.0698123377678818,Using Identity Responses,2015,DE,lassolog,2777
0.0693096591178337,0.0707115284858476,0.0707115284858476,Using Identity Responses,2017,DE,lassolog,2906
0.0598498059789126,0.0664031847755425,0.0664031847755425,Not Using Identity Responses,2013,DE,lassolog,2756
0.0497653161260534,0.0733546122570528,0.0733546122570528,Not Using Identity Responses,2015,DE,lassolog,2777
0.0693096591178337,0.0672395584892978,0.0672395584892978,Not Using Identity Responses,2017,DE,lassolog,2906
