real_prop,pred_prop,pred_prop_2017,predset,year,pred_state,model,n
0.057018080195718,0.0528533719731499,0.0528533719731499,Using Identity Responses,2013,MI,lasso,4266
0.0683971468076034,0.0628048787211366,0.0622021732560946,Using Identity Responses,2015,MI,lasso,4816
0.074250365940148,0.0794610445181025,0.0794610445181025,Using Identity Responses,2017,MI,lasso,1626
0.057018080195718,0.0626603381350644,0.0626603381350644,Not Using Identity Responses,2013,MI,lasso,4266
0.0683971468076034,0.0646503115902229,0.064047606125181,Not Using Identity Responses,2015,MI,lasso,4816
0.074250365940148,0.0774642118370597,0.0774642118370597,Not Using Identity Responses,2017,MI,lasso,1626
