real_prop,pred_prop,pred_prop_2017,predset,year,pred_state,model,n
0.0600912755420069,0.0572118228504158,0.0572118228504158,Using Identity Responses,2017,IA,logit,1691
0.0600912755420069,0.0504519148505447,0.0504519148505447,Not Using Identity Responses,2017,IA,logit,1691
