real_prop,pred_prop,pred_prop_2017,predset,year,pred_state,model,n
0.0549738518384384,0.0917982802902679,0.0845295712828359,Using Identity Responses,2015,CT,ols,2398
0.0824293876381043,0.086327231221141,0.086327231221141,Using Identity Responses,2017,CT,ols,2425
0.0549738518384384,0.0916893673444644,0.0844206583370325,Not Using Identity Responses,2015,CT,ols,2398
0.0824293876381043,0.0815699209950751,0.0815699209950751,Not Using Identity Responses,2017,CT,ols,2425
