real_prop,pred_prop,pred_prop_2017,predset,year,pred_state,model,n
0.058238286683695,0.0852627832600512,0.078260393059508,Using Identity Responses,2015,VT,ols,21013
0.0638054449770258,0.0552961601719557,0.0552961601719557,Using Identity Responses,2017,VT,ols,20653
0.058238286683695,0.0906879281644229,0.0836855379638797,Not Using Identity Responses,2015,VT,ols,21013
0.0638054449770258,0.0540596170830323,0.0540596170830323,Not Using Identity Responses,2017,VT,ols,20653
