real_prop,pred_prop,pred_prop_2017,predset,year,pred_state,model,n
0.0657478082883377,0.0638723739825148,0.0638209207262747,Using Identity Responses,2013,FL,gbrt,6089
0.066263853581743,0.0637460446739515,0.0628303897855756,Using Identity Responses,2015,FL,gbrt,6359
0.0756363816315369,0.0713386627984522,0.0713386627984522,Using Identity Responses,2017,FL,gbrt,6171
0.0657478082883377,0.0607864328632955,0.0607894434634733,Not Using Identity Responses,2013,FL,gbrt,6089
0.066263853581743,0.0611142858858783,0.0603412387467239,Not Using Identity Responses,2015,FL,gbrt,6359
0.0756363816315369,0.0622638101988303,0.0622638101988303,Not Using Identity Responses,2017,FL,gbrt,6171
