real_prop,pred_prop,pred_prop_2017,predset,year,pred_state,model,n
0.0598498059789126,0.062870268301031,0.0632171671874714,Using Identity Responses,2013,DE,ridge,2756
0.0497653161260534,0.0868608783720139,0.0847945796493485,Using Identity Responses,2015,DE,ridge,2777
0.0693096591178337,0.0726495466953079,0.0726495466953079,Using Identity Responses,2017,DE,ridge,2906
0.0598498059789126,0.0657731481105769,0.0661200469970174,Not Using Identity Responses,2013,DE,ridge,2756
0.0497653161260534,0.0854005848501735,0.0833342861275081,Not Using Identity Responses,2015,DE,ridge,2777
0.0693096591178337,0.0660590870457768,0.0660590870457768,Not Using Identity Responses,2017,DE,ridge,2906
