real_prop,pred_prop,pred_prop_2017,predset,year,pred_state,model,n
0.0764828982851909,0.039440335566584,0.0373673529923059,Using Identity Responses,2015,NY,logit,10834
0.0679558600645151,0.0408314057256297,0.0408314057256297,Using Identity Responses,2017,NY,logit,11411
0.0764828982851909,0.0305600506570071,0.0285031305264511,Not Using Identity Responses,2015,NY,logit,10834
0.0679558600645151,0.0283086283043042,0.0283086283043042,Not Using Identity Responses,2017,NY,logit,11411
