real_prop,pred_prop,pred_prop_2017,predset,year,pred_state,model,n
0.0594562024416133,0.0729484436161194,0.0696923557588376,Using Identity Responses,2015,MA,ridge,3120
0.0783309080054738,0.0711947716928094,0.0711947716928094,Using Identity Responses,2017,MA,ridge,3286
0.0594562024416133,0.0736518151083303,0.0703957272510485,Not Using Identity Responses,2015,MA,ridge,3120
0.0783309080054738,0.0669855928148625,0.0669855928148625,Not Using Identity Responses,2017,MA,ridge,3286
