real_prop,pred_prop,pred_prop_2017,predset,year,pred_state,model,n
0.0835750163988668,0.0977211745773653,0.0977211745773653,Using Identity Responses,2017,SC,ols,1501
0.0835750163988668,0.0888038201016071,0.0888038201016071,Not Using Identity Responses,2017,SC,ols,1501
