real_prop,pred_prop,pred_prop_2017,predset,year,pred_state,model,n
0.066610480970986,0.0834768765488887,0.0763359394367549,Using Identity Responses,2015,PA,ols,2899
0.0620686473639098,0.108920476099597,0.108920476099597,Using Identity Responses,2017,PA,ols,3761
0.066610480970986,0.08867414584019,0.0815332087280562,Not Using Identity Responses,2015,PA,ols,2899
0.0620686473639098,0.110943241340501,0.110943241340501,Not Using Identity Responses,2017,PA,ols,3761
