real_prop,pred_prop,pred_prop_2017,predset,year,pred_state,model,n
0.0529864981089931,0.0660424663592048,0.0660424663592048,Using Identity Responses,2017,NE,ols,1427
0.0529864981089931,0.0683011116241008,0.0683011116241008,Not Using Identity Responses,2017,NE,ols,1427
