real_prop,pred_prop,pred_prop_2017,predset,year,pred_state,model,n
0.0572588408954186,0.056012162471888,0.0559422200951199,Using Identity Responses,2013,WI,rf,2843
0.0573642161677739,0.0707257214449306,0.0707257214449306,Using Identity Responses,2017,WI,rf,2067
0.0572588408954186,0.0553610208694234,0.0555821407925309,Not Using Identity Responses,2013,WI,rf,2843
0.0573642161677739,0.0651304399884459,0.0651304399884459,Not Using Identity Responses,2017,WI,rf,2067
