real_prop,pred_prop,pred_prop_2017,predset,year,pred_state,model,n
0.0764828982851909,0.0402040379081899,0.0382787445597027,Using Identity Responses,2015,NY,ridge,10834
0.0679558600645151,0.0441889763378641,0.0441889763378641,Using Identity Responses,2017,NY,ridge,11411
0.0764828982851909,0.0341056155833359,0.0321803222348487,Not Using Identity Responses,2015,NY,ridge,10834
0.0679558600645151,0.0295142618922813,0.0295142618922813,Not Using Identity Responses,2017,NY,ridge,11411
