real_prop,pred_prop,pred_prop_2017,predset,year,pred_state,model,n
0.0539962582515571,0.0767382166239895,0.0770150208683173,Using Identity Responses,2013,NH,ridge,1634
0.0541399534169904,0.0560664287828452,0.0560664287828452,Using Identity Responses,2017,NH,ridge,12050
0.0539962582515571,0.0819116271825423,0.0821884314268701,Not Using Identity Responses,2013,NH,ridge,1634
0.0541399534169904,0.0507174195070126,0.0507174195070126,Not Using Identity Responses,2017,NH,ridge,12050
