real_prop,pred_prop,pred_prop_2017,predset,year,pred_state,model,n
0.0724316693226179,0.104922370958861,0.104734142995675,Using Identity Responses,2013,IL,ridgelog,3276
0.0720010803754207,0.0639864759393893,0.0618463335101087,Using Identity Responses,2015,IL,ridgelog,3282
0.0737981062313222,0.0787982363302836,0.0787982363302836,Using Identity Responses,2017,IL,ridgelog,5010
0.0724316693226179,0.109962329822446,0.109710682781393,Not Using Identity Responses,2013,IL,ridgelog,3276
0.0720010803754207,0.0563147205839416,0.0538893662975476,Not Using Identity Responses,2015,IL,ridgelog,3282
0.0737981062313222,0.0701514058584546,0.0701514058584546,Not Using Identity Responses,2017,IL,ridgelog,5010
