real_prop,pred_prop,pred_prop_2017,predset,year,pred_state,model,n
0.0711420764216082,0.042067904078857,0.0422571346577904,Using Identity Responses,2013,RI,ridgelog,2453
0.0684448520853534,0.071551820347362,0.0694699381931886,Using Identity Responses,2015,RI,ridgelog,3462
0.0746577576826084,0.0699885575738449,0.0699885575738449,Using Identity Responses,2017,RI,ridgelog,2221
0.0711420764216082,0.0367851668878521,0.0369938173794944,Not Using Identity Responses,2013,RI,ridgelog,2453
0.0684448520853534,0.0645552475865398,0.0620629395222898,Not Using Identity Responses,2015,RI,ridgelog,3462
0.0746577576826084,0.0606668704070916,0.0606668704070916,Not Using Identity Responses,2017,RI,ridgelog,2221
