real_prop,pred_prop,pred_prop_2017,predset,year,pred_state,model,n
0.066610480970986,0.0705942031227283,0.0703787754983694,Using Identity Responses,2015,PA,rf,2899
0.0620686473639098,0.0738600673965387,0.0738600673965387,Using Identity Responses,2017,PA,rf,3761
0.066610480970986,0.0613787139721695,0.061471706311911,Not Using Identity Responses,2015,PA,rf,2899
0.0620686473639098,0.0686787649858829,0.0686787649858829,Not Using Identity Responses,2017,PA,rf,3761
