real_prop,pred_prop,pred_prop_2017,predset,year,pred_state,model,n
0.0764650112310126,0.0805652890640329,0.0729809786446457,Using Identity Responses,2015,MD,logit,55596
0.0764650112310126,0.0752414994404701,0.0658103801387622,Not Using Identity Responses,2015,MD,logit,55596
