real_prop,pred_prop,pred_prop_2017,predset,year,pred_state,model,n
0.0711420764216082,-0.0295239710445303,-0.0174568139234301,Using Identity Responses,2013,RI,ols,2453
0.0684448520853534,0.0123906869110138,0.00829853179282168,Using Identity Responses,2015,RI,ols,3462
0.0746577576826084,0.057967830007411,0.057967830007411,Using Identity Responses,2017,RI,ols,2221
0.0711420764216082,-0.0228494229754365,-0.0107822658543363,Not Using Identity Responses,2013,RI,ols,2453
0.0684448520853534,0.0125272423519464,0.00843508723375429,Not Using Identity Responses,2015,RI,ols,3462
0.0746577576826084,0.0527435777519451,0.0527435777519451,Not Using Identity Responses,2017,RI,ols,2221
