real_prop,pred_prop,pred_prop_2017,predset,year,pred_state,model,n
0.0572588408954186,0.0559314080891267,0.0560871570066421,Using Identity Responses,2013,WI,ridgelog,2843
0.0573642161677739,0.0497136367605659,0.0497136367605659,Using Identity Responses,2017,WI,ridgelog,2067
0.0572588408954186,0.0641862510850143,0.0643992964126435,Not Using Identity Responses,2013,WI,ridgelog,2843
0.0573642161677739,0.0431496798462047,0.0431496798462047,Not Using Identity Responses,2017,WI,ridgelog,2067
