real_prop,pred_prop,pred_prop_2017,predset,year,pred_state,model,n
0.0883018728686737,0.080601724393137,0.080601724393137,Using Identity Responses,2015,WV,lassolog,1622
0.0723146162705365,0.0751721576411977,0.0751721576411977,Using Identity Responses,2017,WV,lassolog,1563
0.0883018728686737,0.0788549139610946,0.0788549139610946,Not Using Identity Responses,2015,WV,lassolog,1622
0.0723146162705365,0.0767581180518156,0.0767581180518156,Not Using Identity Responses,2017,WV,lassolog,1563
