real_prop,pred_prop,pred_prop_2017,predset,year,pred_state,model,n
0.0539962582515571,0.0716251406062819,0.071679970123004,Using Identity Responses,2013,NH,ridgelog,1634
0.0541399534169904,0.0592496312028096,0.0592496312028096,Using Identity Responses,2017,NH,ridgelog,12050
0.0539962582515571,0.0749334129613365,0.0749996515904018,Not Using Identity Responses,2013,NH,ridgelog,1634
0.0541399534169904,0.0504721254348475,0.0504721254348475,Not Using Identity Responses,2017,NH,ridgelog,12050
