real_prop,pred_prop,pred_prop_2017,predset,year,pred_state,model,n
0.0682562977142355,0.0535499289803011,0.0533828903742483,Using Identity Responses,2013,ME,gbrt,9017
0.0725037240773308,0.0603829922442956,0.0601583436018361,Using Identity Responses,2015,ME,gbrt,9605
0.0804764767521303,0.0661971551960825,0.0661971551960825,Using Identity Responses,2017,ME,gbrt,9501
0.0682562977142355,0.0567842592898949,0.0566728991941291,Not Using Identity Responses,2013,ME,gbrt,9017
0.0725037240773308,0.0569718820367189,0.0568769503732692,Not Using Identity Responses,2015,ME,gbrt,9605
0.0804764767521303,0.0554677103955109,0.0554677103955109,Not Using Identity Responses,2017,ME,gbrt,9501
