real_prop,pred_prop,pred_prop_2017,predset,year,pred_state,model,n
0.0598498059789126,0.0624186097839502,0.0624186097839502,Using Identity Responses,2013,DE,lasso,2756
0.0497653161260534,0.0724655685743128,0.0717085189168888,Using Identity Responses,2015,DE,lasso,2777
0.0693096591178337,0.0716398278219658,0.0716398278219658,Using Identity Responses,2017,DE,lasso,2906
0.0598498059789126,0.0690671543911916,0.0690671543911916,Not Using Identity Responses,2013,DE,lasso,2756
0.0497653161260534,0.073863785466227,0.073106735808803,Not Using Identity Responses,2015,DE,lasso,2777
0.0693096591178337,0.0667818831334515,0.0667818831334515,Not Using Identity Responses,2017,DE,lasso,2906
