real_prop,pred_prop,pred_prop_2017,predset,year,pred_state,model,n
0.0543458809961899,0.066642993120019,0.0668221009226888,Not Using Identity Responses,2013,KY,gbrt,1626
0.0802062244706853,0.0752516083862481,0.0752357918043707,Using Identity Responses,2015,KY,gbrt,2577
0.0721530462238808,0.0690948711910192,0.0690948711910192,Using Identity Responses,2017,KY,gbrt,1997
0.0802062244706853,0.0736199228311616,0.0738295211798444,Not Using Identity Responses,2015,KY,gbrt,2577
0.0721530462238808,0.0626873386309578,0.0626873386309578,Not Using Identity Responses,2017,KY,gbrt,1997
