real_prop,pred_prop,pred_prop_2017,predset,year,pred_state,model,n
0.0706482542917719,0.0722523274843271,0.0716550932864241,Using Identity Responses,2015,WY,lasso,2424
0.0706482542917719,0.07551727323718,0.074920039039277,Not Using Identity Responses,2015,WY,lasso,2424
