real_prop,pred_prop,pred_prop_2017,predset,year,pred_state,model,n
0.0539962582515571,0.0619850198879434,0.0621995623002775,Using Identity Responses,2013,NH,logit,1634
0.0541399534169904,0.0620657181274295,0.0620657181274295,Using Identity Responses,2017,NH,logit,12050
0.0539962582515571,0.0784178129815495,0.0787508438490982,Not Using Identity Responses,2013,NH,logit,1634
0.0541399534169904,0.061209620352754,0.061209620352754,Not Using Identity Responses,2017,NH,logit,12050
