real_prop,pred_prop,pred_prop_2017,predset,year,pred_state,model,n
0.0729028083304109,0.105513102636373,0.101118390906187,Using Identity Responses,2015,AR,logit,2880
0.109305608736529,0.119239592278276,0.119239592278276,Using Identity Responses,2017,AR,logit,1682
0.0729028083304109,0.108759681127465,0.102777647028534,Not Using Identity Responses,2015,AR,logit,2880
0.109305608736529,0.110102744867804,0.110102744867804,Not Using Identity Responses,2017,AR,logit,1682
