real_prop,pred_prop,pred_prop_2017,predset,year,pred_state,model,n
0.0657478082883377,0.0233577201567141,0.0232714851332276,Using Identity Responses,2013,FL,ridge,6089
0.066263853581743,0.0318854077150838,0.0289496973470549,Using Identity Responses,2015,FL,ridge,6359
0.0756363816315369,0.0382325078380001,0.0382325078380001,Using Identity Responses,2017,FL,ridge,6171
0.0657478082883377,0.0253569475217151,0.0252707124982286,Not Using Identity Responses,2013,FL,ridge,6089
0.066263853581743,0.0307672334182791,0.0278315230502502,Not Using Identity Responses,2015,FL,ridge,6359
0.0756363816315369,0.0307959449342903,0.0307959449342903,Not Using Identity Responses,2017,FL,ridge,6171
