real_prop,pred_prop,pred_prop_2017,predset,year,pred_state,model,n
0.058238286683695,0.0479643820818451,0.0479643820818451,Using Identity Responses,2015,VT,lasso,21013
0.0638054449770258,0.0739927419406444,0.0739927419406444,Using Identity Responses,2017,VT,lasso,20653
0.058238286683695,0.0504412562901429,0.0504412562901429,Not Using Identity Responses,2015,VT,lasso,21013
0.0638054449770258,0.0698302527788028,0.0698302527788028,Not Using Identity Responses,2017,VT,lasso,20653
