real_prop,pred_prop,pred_prop_2017,predset,year,pred_state,model,n
0.0868048119329121,0.0830935061241907,0.0829232192657285,Using Identity Responses,2015,NV,rf,1452
0.0867770629406395,0.0901405795743233,0.0901405795743233,Using Identity Responses,2017,NV,rf,1667
0.0868048119329121,0.0707402803521874,0.0708932771635212,Not Using Identity Responses,2015,NV,rf,1452
0.0867770629406395,0.0692087476037912,0.0692087476037912,Not Using Identity Responses,2017,NV,rf,1667
