real_prop,pred_prop,pred_prop_2017,predset,year,pred_state,model,n
0.0549738518384384,0.0733228779523469,0.0696896576056609,Using Identity Responses,2015,CT,ridge,2398
0.0824293876381043,0.0757828740158117,0.0757828740158117,Using Identity Responses,2017,CT,ridge,2425
0.0549738518384384,0.0684904847440302,0.0648572643973442,Not Using Identity Responses,2015,CT,ridge,2398
0.0824293876381043,0.0668426786275669,0.0668426786275669,Not Using Identity Responses,2017,CT,ridge,2425
