real_prop,pred_prop,pred_prop_2017,predset,year,pred_state,model,n
0.0724316693226179,0.0847777959510848,0.0847777959510848,Using Identity Responses,2013,IL,lasso,3276
0.0720010803754207,0.0686340279508357,0.0680982506177341,Using Identity Responses,2015,IL,lasso,3282
0.0737981062313222,0.0813714321197183,0.0813714321197183,Using Identity Responses,2017,IL,lasso,5010
0.0724316693226179,0.0865307570040286,0.0865307570040286,Not Using Identity Responses,2013,IL,lasso,3276
0.0720010803754207,0.0672760416195192,0.0667402642864176,Not Using Identity Responses,2015,IL,lasso,3282
0.0737981062313222,0.0759063356810651,0.0759063356810651,Not Using Identity Responses,2017,IL,lasso,5010
