real_prop,pred_prop,pred_prop_2017,predset,year,pred_state,model,n
0.0464356142435874,0.0653398041898087,0.0652780491916017,Using Identity Responses,2015,OK,rf,1611
0.0674285541069115,0.0802787447900535,0.0802787447900535,Using Identity Responses,2017,OK,rf,1649
0.0464356142435874,0.0660299124779169,0.0659348159506247,Not Using Identity Responses,2015,OK,rf,1611
0.0674285541069115,0.0726779345727427,0.0726779345727427,Not Using Identity Responses,2017,OK,rf,1649
