real_prop,pred_prop,pred_prop_2017,predset,year,pred_state,model,n
0.0646944853761934,0.0628988793548242,0.0625623813715448,Using Identity Responses,2013,HI,gbrt,4631
0.0588180168301436,0.0700745852815676,0.0693366050501844,Using Identity Responses,2015,HI,gbrt,6089
0.0702698816680378,0.0696078181936712,0.0696078181936712,Using Identity Responses,2017,HI,gbrt,6031
0.0646944853761934,0.0748119880978383,0.0743764951220149,Not Using Identity Responses,2013,HI,gbrt,4631
0.0588180168301436,0.0754745034303044,0.0745970102946592,Not Using Identity Responses,2015,HI,gbrt,6089
0.0702698816680378,0.0690323783740532,0.0690323783740532,Not Using Identity Responses,2017,HI,gbrt,6031
