real_prop,pred_prop,pred_prop_2017,predset,year,pred_state,model,n
0.0600912755420069,0.0602760997993908,0.0602760997993908,Using Identity Responses,2017,IA,ridge,1691
0.0600912755420069,0.0578524455265929,0.0578524455265929,Not Using Identity Responses,2017,IA,ridge,1691
