real_prop,pred_prop,pred_prop_2017,predset,year,pred_state,model,n
0.0657478082883377,0.0744921094801165,0.0743208029026961,Using Identity Responses,2013,FL,rf,6089
0.066263853581743,0.0747830093664825,0.0742959963202289,Using Identity Responses,2015,FL,rf,6359
0.0756363816315369,0.0792012359717533,0.0792012359717533,Using Identity Responses,2017,FL,rf,6171
0.0657478082883377,0.0674957283290916,0.0675992248957535,Not Using Identity Responses,2013,FL,rf,6089
0.066263853581743,0.0653834410164795,0.0653245694727129,Not Using Identity Responses,2015,FL,rf,6359
0.0756363816315369,0.0631822997135777,0.0631822997135777,Not Using Identity Responses,2017,FL,rf,6171
