real_prop,pred_prop,pred_prop_2017,predset,year,pred_state,model,n
0.0764828982851909,0.0450463577092785,0.0441048597949976,Using Identity Responses,2015,NY,ridgelog,10834
0.0679558600645151,0.0482180740754728,0.0482180740754728,Using Identity Responses,2017,NY,ridgelog,11411
0.0764828982851909,0.0347094802552817,0.0337971414076447,Not Using Identity Responses,2015,NY,ridgelog,10834
0.0679558600645151,0.0338199413437032,0.0338199413437032,Not Using Identity Responses,2017,NY,ridgelog,11411
