real_prop,pred_prop,pred_prop_2017,predset,year,pred_state,model,n
0.0464356142435874,0.031838132326231,0.0279922092903701,Using Identity Responses,2015,OK,ols,1611
0.0674285541069115,0.0477727236469838,0.0477727236469838,Using Identity Responses,2017,OK,ols,1649
0.0464356142435874,0.0443747429662917,0.0405288199304308,Not Using Identity Responses,2015,OK,ols,1611
0.0674285541069115,0.0484825806883038,0.0484825806883038,Not Using Identity Responses,2017,OK,ols,1649
