real_prop,pred_prop,pred_prop_2017,predset,year,pred_state,model,n
0.0572588408954186,0.0541819358649888,0.0547385117839235,Using Identity Responses,2013,WI,logit,2843
0.0573642161677739,0.0355124012829001,0.0355124012829001,Using Identity Responses,2017,WI,logit,2067
0.0572588408954186,0.0693512009599503,0.0702208522455692,Not Using Identity Responses,2013,WI,logit,2843
0.0573642161677739,0.0299029042005847,0.0299029042005847,Not Using Identity Responses,2017,WI,logit,2067
