real_prop,pred_prop,pred_prop_2017,predset,year,pred_state,model,n
0.0549738518384384,0.0702565050305922,0.0692074386976048,Using Identity Responses,2015,CT,lasso,2398
0.0824293876381043,0.0733970318358332,0.0733970318358332,Using Identity Responses,2017,CT,lasso,2425
0.0549738518384384,0.0674906448157312,0.0664415784827438,Not Using Identity Responses,2015,CT,lasso,2398
0.0824293876381043,0.0658425407741458,0.0658425407741458,Not Using Identity Responses,2017,CT,lasso,2425
