real_prop,pred_prop,pred_prop_2017,predset,year,pred_state,model,n
0.0677192929693558,0.0813595368431225,0.0813595368431225,Using Identity Responses,2017,TX,rf,2113
0.0677192929693558,0.0745654710036946,0.0745654710036946,Not Using Identity Responses,2017,TX,rf,2113
