real_prop,pred_prop,pred_prop_2017,predset,year,pred_state,model,n
0.0764828982851909,0.0500443969293519,0.0500443969293519,Using Identity Responses,2015,NY,lasso,10834
0.0679558600645151,0.0599157441039038,0.0599157441039038,Using Identity Responses,2017,NY,lasso,11411
0.0764828982851909,0.0459365814515225,0.0459365814515225,Not Using Identity Responses,2015,NY,lasso,10834
0.0679558600645151,0.0453847967641506,0.0453847967641506,Not Using Identity Responses,2017,NY,lasso,11411
