real_prop,pred_prop,pred_prop_2017,predset,year,pred_state,model,n
0.0529864981089931,0.0597466545210227,0.0597466545210227,Using Identity Responses,2017,NE,ridge,1427
0.0529864981089931,0.0565348673937521,0.0565348673937521,Not Using Identity Responses,2017,NE,ridge,1427
