real_prop,pred_prop,pred_prop_2017,predset,year,pred_state,model,n
0.0764828982851909,0.0607729833259299,0.060798763878492,Using Identity Responses,2015,NY,gbrt,10834
0.0679558600645151,0.0618707934113614,0.0618707934113614,Using Identity Responses,2017,NY,gbrt,11411
0.0764828982851909,0.0526718495732898,0.0526744131467538,Not Using Identity Responses,2015,NY,gbrt,10834
0.0679558600645151,0.0510541861198571,0.0510541861198571,Not Using Identity Responses,2017,NY,gbrt,11411
