real_prop,pred_prop,pred_prop_2017,predset,year,pred_state,model,n
0.0729028083304109,0.115804219682184,0.113856300451049,Using Identity Responses,2015,AR,ols,2880
0.109305608736529,0.133674141150126,0.133674141150126,Using Identity Responses,2017,AR,ols,1682
0.0729028083304109,0.11302799704314,0.111080077812005,Not Using Identity Responses,2015,AR,ols,2880
0.109305608736529,0.118785349097666,0.118785349097666,Not Using Identity Responses,2017,AR,ols,1682
