real_prop,pred_prop,pred_prop_2017,predset,year,pred_state,model,n
0.0543458809961899,-0.00845061866461425,0.00333989067432516,Not Using Identity Responses,2013,KY,ols,1626
0.0802062244706853,0.0560411981319078,0.0525799430489869,Using Identity Responses,2015,KY,ols,2577
0.0721530462238808,0.0336042538382626,0.0336042538382626,Using Identity Responses,2017,KY,ols,1997
0.0802062244706853,0.057755163795667,0.0542939087127461,Not Using Identity Responses,2015,KY,ols,2577
0.0721530462238808,0.0284160146052426,0.0284160146052426,Not Using Identity Responses,2017,KY,ols,1997
