real_prop,pred_prop,pred_prop_2017,predset,year,pred_state,model,n
0.058238286683695,0.0568731867566083,0.0545577889935663,Using Identity Responses,2015,VT,ridge,21013
0.0638054449770258,0.0699293950496986,0.0699293950496986,Using Identity Responses,2017,VT,ridge,20653
0.058238286683695,0.0561025105063115,0.0537871127432695,Not Using Identity Responses,2015,VT,ridge,21013
0.0638054449770258,0.0636535534680745,0.0636535534680745,Not Using Identity Responses,2017,VT,ridge,20653
