real_prop,pred_prop,pred_prop_2017,predset,year,pred_state,model,n
0.0464356142435874,0.0425032955526164,0.041846387116684,Using Identity Responses,2015,OK,lasso,1611
0.0674285541069115,0.0628667472731479,0.0628667472731479,Using Identity Responses,2017,OK,lasso,1649
0.0464356142435874,0.0521288911729172,0.0514719827369848,Not Using Identity Responses,2015,OK,lasso,1611
0.0674285541069115,0.0606653188410611,0.0606653188410611,Not Using Identity Responses,2017,OK,lasso,1649
