real_prop,pred_prop,pred_prop_2017,predset,year,pred_state,model,n
0.0835750163988668,0.0864315477793653,0.0864315477793653,Using Identity Responses,2017,SC,gbrt,1501
0.0835750163988668,0.0797426649610894,0.0797426649610894,Not Using Identity Responses,2017,SC,gbrt,1501
