real_prop,pred_prop,pred_prop_2017,predset,year,pred_state,model,n
0.055827309140966,0.0638078014786008,0.0638078014786008,Using Identity Responses,2013,NC,logit,1846
0.0692219209963767,0.0739670612226498,0.0735576282268175,Using Identity Responses,2015,NC,logit,6178
0.0818405304321545,0.0910116009174576,0.0910116009174576,Using Identity Responses,2017,NC,logit,3151
0.055827309140966,0.0710728462259123,0.0710728462259123,Not Using Identity Responses,2013,NC,logit,1846
0.0692219209963767,0.0770431885371888,0.0764740886379959,Not Using Identity Responses,2015,NC,logit,6178
0.0818405304321545,0.0866041321704692,0.0866041321704692,Not Using Identity Responses,2017,NC,logit,3151
