real_prop,pred_prop,pred_prop_2017,predset,year,pred_state,model,n
0.066610480970986,0.0665677609428067,0.066534491731939,Using Identity Responses,2015,PA,gbrt,2899
0.0620686473639098,0.0716549747330434,0.0716549747330434,Using Identity Responses,2017,PA,gbrt,3761
0.066610480970986,0.0672194987570676,0.0677777443919335,Not Using Identity Responses,2015,PA,gbrt,2899
0.0620686473639098,0.0776433329392999,0.0776433329392999,Not Using Identity Responses,2017,PA,gbrt,3761
