real_prop,pred_prop,pred_prop_2017,predset,year,pred_state,model,n
0.0677192929693558,0.0762404353932814,0.0762404353932814,Using Identity Responses,2017,TX,ridge,2113
0.0677192929693558,0.0688651667707893,0.0688651667707893,Not Using Identity Responses,2017,TX,ridge,2113
