real_prop,pred_prop,pred_prop_2017,predset,year,pred_state,model,n
0.0646944853761934,0.0812516844803903,0.0812520351879156,Using Identity Responses,2013,HI,logit,4631
0.0588180168301436,0.0618362013738525,0.0592177708602497,Using Identity Responses,2015,HI,logit,6089
0.0702698816680378,0.0658070695840938,0.0658070695840938,Using Identity Responses,2017,HI,logit,6031
0.0646944853761934,0.100156669726878,0.100157198064974,Not Using Identity Responses,2013,HI,logit,4631
0.0588180168301436,0.0657436401965811,0.0623454737854428,Not Using Identity Responses,2015,HI,logit,6089
0.0702698816680378,0.0610458953240477,0.0610458953240477,Not Using Identity Responses,2017,HI,logit,6031
