real_prop,pred_prop,pred_prop_2017,predset,year,pred_state,model,n
0.045497122389987,0.0609202670844698,0.0600442089198881,Using Identity Responses,2015,CA,lasso,1943
0.0676291130441184,0.0730308848647278,0.0730308848647278,Using Identity Responses,2017,CA,lasso,1778
0.045497122389987,0.0636668810314144,0.0627908228668327,Not Using Identity Responses,2015,CA,lasso,1943
0.0676291130441184,0.0716617437402652,0.0716617437402652,Not Using Identity Responses,2017,CA,lasso,1778
