real_prop,pred_prop,pred_prop_2017,predset,year,pred_state,model,n
0.045497122389987,0.0566527220511483,0.0566516272155647,Using Identity Responses,2015,CA,gbrt,1943
0.0676291130441184,0.0630641378818941,0.0630641378818941,Using Identity Responses,2017,CA,gbrt,1778
0.045497122389987,0.0575508923148523,0.0576925847918434,Not Using Identity Responses,2015,CA,gbrt,1943
0.0676291130441184,0.0626650124164586,0.0626650124164586,Not Using Identity Responses,2017,CA,gbrt,1778
