real_prop,pred_prop,pred_prop_2017,predset,year,pred_state,model,n
0.0594562024416133,0.0640650293240811,0.0639229573883158,Using Identity Responses,2015,MA,rf,3120
0.0783309080054738,0.0697368121087072,0.0697368121087072,Using Identity Responses,2017,MA,rf,3286
0.0594562024416133,0.059407950201327,0.0594235065717754,Not Using Identity Responses,2015,MA,rf,3120
0.0783309080054738,0.0587540008939009,0.0587540008939009,Not Using Identity Responses,2017,MA,rf,3286
