real_prop,pred_prop,pred_prop_2017,predset,year,pred_state,model,n
0.0543458809961899,0.0486369618362989,0.0488753687917729,Not Using Identity Responses,2013,KY,logit,1626
0.0802062244706853,0.0819673648013716,0.0780154568271172,Using Identity Responses,2015,KY,logit,2577
0.0721530462238808,0.0838261241573249,0.0838261241573249,Using Identity Responses,2017,KY,logit,1997
0.0802062244706853,0.084725434249729,0.0792630805559095,Not Using Identity Responses,2015,KY,logit,2577
0.0721530462238808,0.0804321061432936,0.0804321061432936,Not Using Identity Responses,2017,KY,logit,1997
