real_prop,pred_prop,pred_prop_2017,predset,year,pred_state,model,n
0.0760480557144136,0.0640126538401003,0.0608884117376622,Using Identity Responses,2015,IN,logit,1912
0.0760480557144136,0.0572581619239407,0.053552665049362,Not Using Identity Responses,2015,IN,logit,1912
