real_prop,pred_prop,pred_prop_2017,predset,year,pred_state,model,n
0.066610480970986,0.0752086191775069,0.068854797779188,Using Identity Responses,2015,PA,logit,2899
0.0620686473639098,0.101928401514006,0.101928401514006,Using Identity Responses,2017,PA,logit,3761
0.066610480970986,0.0835405593294823,0.0744152978861075,Not Using Identity Responses,2015,PA,logit,2899
0.0620686473639098,0.116015892645299,0.116015892645299,Not Using Identity Responses,2017,PA,logit,3761
