real_prop,pred_prop,pred_prop_2017,predset,year,pred_state,model,n
0.0464356142435874,0.0490747553915937,0.0461110030223673,Using Identity Responses,2015,OK,logit,1611
0.0674285541069115,0.0623791722879393,0.0623791722879393,Using Identity Responses,2017,OK,logit,1649
0.0464356142435874,0.0547133400986184,0.0504656667291251,Not Using Identity Responses,2015,OK,logit,1611
0.0674285541069115,0.0590826043005725,0.0590826043005725,Not Using Identity Responses,2017,OK,logit,1649
