real_prop,pred_prop,pred_prop_2017,predset,year,pred_state,model,n
0.0711420764216082,0.0582132971739968,0.0581722529310223,Using Identity Responses,2013,RI,gbrt,2453
0.0684448520853534,0.0762291062324718,0.0760499769599982,Using Identity Responses,2015,RI,gbrt,3462
0.0746577576826084,0.0768702284776642,0.0768702284776642,Using Identity Responses,2017,RI,gbrt,2221
0.0711420764216082,0.0547628701056428,0.0547771887620581,Not Using Identity Responses,2013,RI,gbrt,2453
0.0684448520853534,0.0768662494173648,0.0767392083416658,Not Using Identity Responses,2015,RI,gbrt,3462
0.0746577576826084,0.0768738446437513,0.0768738446437513,Not Using Identity Responses,2017,RI,gbrt,2221
