real_prop,pred_prop,pred_prop_2017,predset,year,pred_state,model,n
0.0868048119329121,0.0776042870504747,0.0755259216522843,Using Identity Responses,2015,NV,ridgelog,1452
0.0867770629406395,0.0986101847243564,0.0986101847243564,Using Identity Responses,2017,NV,ridgelog,1667
0.0868048119329121,0.0732136468297213,0.0707095933432897,Not Using Identity Responses,2015,NV,ridgelog,1452
0.0867770629406395,0.0866325541763454,0.0866325541763454,Not Using Identity Responses,2017,NV,ridgelog,1667
