real_prop,pred_prop,pred_prop_2017,predset,year,pred_state,model,n
0.0883018728686737,0.0813484778320313,0.0807975334240338,Using Identity Responses,2015,WV,lasso,1622
0.0723146162705365,0.0789194864439563,0.0789194864439563,Using Identity Responses,2017,WV,lasso,1563
0.0883018728686737,0.0793663919229151,0.0788154475149176,Not Using Identity Responses,2015,WV,lasso,1622
0.0723146162705365,0.0782716079835409,0.0782716079835409,Not Using Identity Responses,2017,WV,lasso,1563
