real_prop,pred_prop,pred_prop_2017,predset,year,pred_state,model,n
0.0549738518384384,0.0641165598563117,0.0637054647158334,Using Identity Responses,2015,CT,rf,2398
0.0824293876381043,0.0690631650949478,0.0690631650949478,Using Identity Responses,2017,CT,rf,2425
0.0549738518384384,0.0535535406306198,0.0535838857557476,Not Using Identity Responses,2015,CT,rf,2398
0.0824293876381043,0.0531360185370709,0.0531360185370709,Not Using Identity Responses,2017,CT,rf,2425
