real_prop,pred_prop,pred_prop_2017,predset,year,pred_state,model,n
0.0724316693226179,0.079586372567355,0.0796987483962899,Using Identity Responses,2013,IL,gbrt,3276
0.0720010803754207,0.0721856895734617,0.0720748832907999,Using Identity Responses,2015,IL,gbrt,3282
0.0737981062313222,0.0789270508727703,0.0789270508727703,Using Identity Responses,2017,IL,gbrt,5010
0.0724316693226179,0.0809779274401951,0.0811340333649958,Not Using Identity Responses,2013,IL,gbrt,3276
0.0720010803754207,0.0640427044074876,0.0638991686807966,Not Using Identity Responses,2015,IL,gbrt,3282
0.0737981062313222,0.0774881671521537,0.0774881671521537,Not Using Identity Responses,2017,IL,gbrt,5010
