real_prop,pred_prop,pred_prop_2017,predset,year,pred_state,model,n
0.0760480557144136,0.0777808298835868,0.0777808298835868,Using Identity Responses,2015,IN,lassolog,1912
0.0760480557144136,0.0714408697454031,0.0714408697454031,Not Using Identity Responses,2015,IN,lassolog,1912
