real_prop,pred_prop,pred_prop_2017,predset,year,pred_state,model,n
0.0464356142435874,0.0526762847374617,0.0526762847374617,Using Identity Responses,2015,OK,lassolog,1611
0.0674285541069115,0.0708165842204924,0.0708165842204924,Using Identity Responses,2017,OK,lassolog,1649
0.0464356142435874,0.0574429650037065,0.0574429650037065,Not Using Identity Responses,2015,OK,lassolog,1611
0.0674285541069115,0.0670589425271019,0.0670589425271019,Not Using Identity Responses,2017,OK,lassolog,1649
