real_prop,pred_prop,pred_prop_2017,predset,year,pred_state,model,n
0.0729028083304109,0.0969690453793075,0.0943786350138875,Using Identity Responses,2015,AR,ridge,2880
0.109305608736529,0.116200240607453,0.116200240607453,Using Identity Responses,2017,AR,ridge,1682
0.0729028083304109,0.0898173016440471,0.0872268912786271,Not Using Identity Responses,2015,AR,ridge,2880
0.109305608736529,0.0989269048806686,0.0989269048806686,Not Using Identity Responses,2017,AR,ridge,1682
