real_prop,pred_prop,pred_prop_2017,predset,year,pred_state,model,n
0.058238286683695,0.0643513003872678,0.0641619486898413,Using Identity Responses,2015,VT,rf,21013
0.0638054449770258,0.0701720596720352,0.0701720596720352,Using Identity Responses,2017,VT,rf,20653
0.058238286683695,0.0495529415587095,0.0490964386842341,Not Using Identity Responses,2015,VT,rf,21013
0.0638054449770258,0.0516811119236964,0.0516811119236964,Not Using Identity Responses,2017,VT,rf,20653
