real_prop,pred_prop,pred_prop_2017,predset,year,pred_state,model,n
0.0646944853761934,0.081344161493355,0.0809870615323024,Using Identity Responses,2013,HI,ridge,4631
0.0588180168301436,0.0761980749968224,0.0729941092939189,Using Identity Responses,2015,HI,ridge,6089
0.0702698816680378,0.0755402035897011,0.0755402035897011,Using Identity Responses,2017,HI,ridge,6031
0.0646944853761934,0.0850951615409261,0.0847380615798735,Not Using Identity Responses,2013,HI,ridge,4631
0.0588180168301436,0.0729850442486142,0.0697810785457107,Not Using Identity Responses,2015,HI,ridge,6089
0.0702698816680378,0.0658956875071627,0.0658956875071627,Not Using Identity Responses,2017,HI,ridge,6031
