real_prop,pred_prop,pred_prop_2017,predset,year,pred_state,model,n
0.0711420764216082,0.0321896603873195,0.03267460899763,Using Identity Responses,2013,RI,logit,2453
0.0684448520853534,0.0562996216584699,0.0526768541350419,Using Identity Responses,2015,RI,logit,3462
0.0746577576826084,0.0630775424381812,0.0630775424381812,Using Identity Responses,2017,RI,logit,2221
0.0711420764216082,0.0277984982758465,0.0283385944300664,Not Using Identity Responses,2013,RI,logit,2453
0.0684448520853534,0.0494478375172443,0.0450826356740113,Not Using Identity Responses,2015,RI,logit,3462
0.0746577576826084,0.0568728169313132,0.0568728169313132,Not Using Identity Responses,2017,RI,logit,2221
