real_prop,pred_prop,pred_prop_2017,predset,year,pred_state,model,n
0.0868048119329121,0.0765660923406489,0.076511222797519,Using Identity Responses,2015,NV,gbrt,1452
0.0867770629406395,0.0830685074296805,0.0830685074296805,Using Identity Responses,2017,NV,gbrt,1667
0.0868048119329121,0.0695711471136823,0.069513050917461,Not Using Identity Responses,2015,NV,gbrt,1452
0.0867770629406395,0.0690744279344106,0.0690744279344106,Not Using Identity Responses,2017,NV,gbrt,1667
