real_prop,pred_prop,pred_prop_2017,predset,year,pred_state,model,n
0.057018080195718,0.0582514221978989,0.0583029821113218,Using Identity Responses,2013,MI,gbrt,4266
0.0683971468076034,0.0664951697699595,0.066391526177599,Using Identity Responses,2015,MI,gbrt,4816
0.074250365940148,0.0802330852946864,0.0802330852946864,Using Identity Responses,2017,MI,gbrt,1626
0.057018080195718,0.0605822938307179,0.0611062262795428,Not Using Identity Responses,2013,MI,gbrt,4266
0.0683971468076034,0.0644316611276976,0.0648217498529985,Not Using Identity Responses,2015,MI,gbrt,4816
0.074250365940148,0.0820947996895467,0.0820947996895467,Not Using Identity Responses,2017,MI,gbrt,1626
