real_prop,pred_prop,pred_prop_2017,predset,year,pred_state,model,n
0.0764650112310126,0.0743009144624581,0.0740565431926495,Using Identity Responses,2015,MD,rf,55596
0.0764650112310126,0.0571082964631649,0.0572589520793271,Not Using Identity Responses,2015,MD,rf,55596
