real_prop,pred_prop,pred_prop_2017,predset,year,pred_state,model,n
0.0706482542917719,0.0814835556756137,0.0811043148061123,Using Identity Responses,2015,WY,rf,2424
0.0706482542917719,0.0780526196748614,0.0779673017080323,Not Using Identity Responses,2015,WY,rf,2424
