real_prop,pred_prop,pred_prop_2017,predset,year,pred_state,model,n
0.0883018728686737,0.0834236109454553,0.0811047286549693,Using Identity Responses,2015,WV,ridgelog,1622
0.0723146162705365,0.0734529935198671,0.0734529935198671,Using Identity Responses,2017,WV,ridgelog,1563
0.0883018728686737,0.079247094880031,0.0764355163393756,Not Using Identity Responses,2015,WV,ridgelog,1622
0.0723146162705365,0.0705996349770556,0.0705996349770556,Not Using Identity Responses,2017,WV,ridgelog,1563
