real_prop,pred_prop,pred_prop_2017,predset,year,pred_state,model,n
0.0598498059789126,0.0742948234304285,0.0740933523568183,Using Identity Responses,2013,DE,rf,2756
0.0497653161260534,0.0788300438744516,0.0785712369417539,Using Identity Responses,2015,DE,rf,2777
0.0693096591178337,0.0828573541028942,0.0828573541028942,Using Identity Responses,2017,DE,rf,2906
0.0598498059789126,0.0652031691980932,0.0652740160609712,Not Using Identity Responses,2013,DE,rf,2756
0.0497653161260534,0.0692384223315029,0.0692740292679906,Not Using Identity Responses,2015,DE,rf,2777
0.0693096591178337,0.0701220684293278,0.0701220684293278,Not Using Identity Responses,2017,DE,rf,2906
