real_prop,pred_prop,pred_prop_2017,predset,year,pred_state,model,n
0.0729028083304109,0.0858674364818583,0.0858046799256608,Using Identity Responses,2015,AR,gbrt,2880
0.109305608736529,0.0991696509669789,0.0991696509669789,Using Identity Responses,2017,AR,gbrt,1682
0.0729028083304109,0.093130914152164,0.0930647961717785,Not Using Identity Responses,2015,AR,gbrt,2880
0.109305608736529,0.102981300591118,0.102981300591118,Not Using Identity Responses,2017,AR,gbrt,1682
