real_prop,pred_prop,pred_prop_2017,predset,year,pred_state,model,n
0.0868048119329121,0.0782350343586867,0.0754241143342073,Using Identity Responses,2015,NV,ridge,1452
0.0867770629406395,0.0929213668608241,0.0929213668608241,Using Identity Responses,2017,NV,ridge,1667
0.0868048119329121,0.0734416390287119,0.0706307190042325,Not Using Identity Responses,2015,NV,ridge,1452
0.0867770629406395,0.0789983631156466,0.0789983631156466,Not Using Identity Responses,2017,NV,ridge,1667
