real_prop,pred_prop,pred_prop_2017,predset,year,pred_state,model,n
0.0572588408954186,0.088158143089559,0.0993870880651242,Using Identity Responses,2013,WI,ols,2843
0.0573642161677739,0.0422966516369973,0.0422966516369973,Using Identity Responses,2017,WI,ols,2067
0.0572588408954186,0.103309893945554,0.114538838921119,Not Using Identity Responses,2013,WI,ols,2843
0.0573642161677739,0.042147643421384,0.042147643421384,Not Using Identity Responses,2017,WI,ols,2067
