real_prop,pred_prop,pred_prop_2017,predset,year,pred_state,model,n
0.0657478082883377,0.0252227869464083,0.0253356929764617,Using Identity Responses,2013,FL,logit,6089
0.066263853581743,0.0260527681679906,0.0244022967945565,Using Identity Responses,2015,FL,logit,6359
0.0756363816315369,0.0321178026357045,0.0321178026357045,Using Identity Responses,2017,FL,logit,6171
0.0657478082883377,0.020648444306044,0.0207665827844495,Not Using Identity Responses,2013,FL,logit,6089
0.066263853581743,0.0214727095050015,0.019760673916027,Not Using Identity Responses,2015,FL,logit,6359
0.0756363816315369,0.0229470050865701,0.0229470050865701,Not Using Identity Responses,2017,FL,logit,6171
