real_prop,pred_prop,pred_prop_2017,predset,year,pred_state,model,n
0.0646944853761934,0.0769154882761954,0.0767448069808617,Using Identity Responses,2013,HI,ridgelog,4631
0.0588180168301436,0.0671419293994545,0.0649729333200887,Using Identity Responses,2015,HI,ridgelog,6089
0.0702698816680378,0.0664668725772949,0.0664668725772949,Using Identity Responses,2017,HI,ridgelog,6031
0.0646944853761934,0.0849241370080568,0.084697369974133,Not Using Identity Responses,2013,HI,ridgelog,4631
0.0588180168301436,0.0668181655006916,0.0642442933531033,Not Using Identity Responses,2015,HI,ridgelog,6089
0.0702698816680378,0.0576988791301359,0.0576988791301359,Not Using Identity Responses,2017,HI,ridgelog,6031
