real_prop,pred_prop,pred_prop_2017,predset,year,pred_state,model,n
0.0539962582515571,0.0481619153147329,0.0608253277756054,Using Identity Responses,2013,NH,ols,1634
0.0541399534169904,0.0645656218400781,0.0645656218400781,Using Identity Responses,2017,NH,ols,12050
0.0539962582515571,0.0608085831529067,0.0734719956137792,Not Using Identity Responses,2013,NH,ols,1634
0.0541399534169904,0.0643289573240046,0.0643289573240046,Not Using Identity Responses,2017,NH,ols,12050
