real_prop,pred_prop,pred_prop_2017,predset,year,pred_state,model,n
0.0777399937819476,0.0838352922928244,0.0838352922928244,Using Identity Responses,2015,NM,lassolog,8304
0.0782656168160385,0.089351533311626,0.089351533311626,Using Identity Responses,2017,NM,lassolog,5781
0.0777399937819476,0.0773585226129923,0.0773585226129923,Not Using Identity Responses,2015,NM,lassolog,8304
0.0782656168160385,0.0825739620127665,0.0825739620127665,Not Using Identity Responses,2017,NM,lassolog,5781
