real_prop,pred_prop,pred_prop_2017,predset,year,pred_state,model,n
0.0706482542917719,0.0700825156091274,0.0664263361328788,Using Identity Responses,2015,WY,ols,2424
0.0706482542917719,0.0762769355721137,0.0726207560958651,Not Using Identity Responses,2015,WY,ols,2424
