real_prop,pred_prop,pred_prop_2017,predset,year,pred_state,model,n
0.0657478082883377,0.0597188830651368,0.0597188830651368,Using Identity Responses,2013,FL,lasso,6089
0.066263853581743,0.0641605635262574,0.0630686342992513,Using Identity Responses,2015,FL,lasso,6359
0.0756363816315369,0.0666936965453158,0.0666936965453158,Using Identity Responses,2017,FL,lasso,6171
0.0657478082883377,0.0652727958777564,0.0652727958777564,Not Using Identity Responses,2013,FL,lasso,6089
0.066263853581743,0.0658847486965238,0.0647928194695177,Not Using Identity Responses,2015,FL,lasso,6359
0.0756363816315369,0.0608789600034035,0.0608789600034035,Not Using Identity Responses,2017,FL,lasso,6171
