real_prop,pred_prop,pred_prop_2017,predset,year,pred_state,model,n
0.0883018728686737,0.0812613110250124,0.0811657728176802,Using Identity Responses,2015,WV,gbrt,1622
0.0723146162705365,0.0714248180662212,0.0714248180662212,Using Identity Responses,2017,WV,gbrt,1563
0.0883018728686737,0.0768538692715677,0.0767513559974925,Not Using Identity Responses,2015,WV,gbrt,1622
0.0723146162705365,0.0738604334979966,0.0738604334979966,Not Using Identity Responses,2017,WV,gbrt,1563
