real_prop,pred_prop,pred_prop_2017,predset,year,pred_state,model,n
0.0682562977142355,0.0638793316810284,0.063770411774431,Using Identity Responses,2013,ME,rf,9017
0.0725037240773308,0.0711045573969456,0.0708539437509558,Using Identity Responses,2015,ME,rf,9605
0.0804764767521303,0.0787908699368365,0.0787908699368365,Using Identity Responses,2017,ME,rf,9501
0.0682562977142355,0.0603517515086392,0.0604316532720612,Not Using Identity Responses,2013,ME,rf,9017
0.0725037240773308,0.0596751507099543,0.0597246149208284,Not Using Identity Responses,2015,ME,rf,9605
0.0804764767521303,0.0600021003135317,0.0600021003135317,Not Using Identity Responses,2017,ME,rf,9501
