real_prop,pred_prop,pred_prop_2017,predset,year,pred_state,model,n
0.0760480557144136,0.0561757895531434,0.0531942130758416,Using Identity Responses,2015,IN,ols,1912
0.0760480557144136,0.0538479490064834,0.0508663725291815,Not Using Identity Responses,2015,IN,ols,1912
