real_prop,pred_prop,pred_prop_2017,predset,year,pred_state,model,n
0.0724316693226179,0.085570517320824,0.0854569968539769,Using Identity Responses,2013,IL,rf,3276
0.0720010803754207,0.081231033732485,0.0810173937010113,Using Identity Responses,2015,IL,rf,3282
0.0737981062313222,0.0844586300067499,0.0844586300067499,Using Identity Responses,2017,IL,rf,5010
0.0724316693226179,0.0810140688457597,0.0812731605196327,Not Using Identity Responses,2013,IL,rf,3276
0.0720010803754207,0.0694851874738693,0.0696070727116299,Not Using Identity Responses,2015,IL,rf,3282
0.0737981062313222,0.0737842484366827,0.0737842484366827,Not Using Identity Responses,2017,IL,rf,5010
