real_prop,pred_prop,pred_prop_2017,predset,year,pred_state,model,n
0.0764828982851909,0.026661581540949,0.0283565916082919,Using Identity Responses,2015,NY,ols,10834
0.0679558600645151,0.0369418352155067,0.0369418352155067,Using Identity Responses,2017,NY,ols,11411
0.0764828982851909,0.0253991847596567,0.0270941948269996,Not Using Identity Responses,2015,NY,ols,10834
0.0679558600645151,0.0250826874160949,0.0250826874160949,Not Using Identity Responses,2017,NY,ols,11411
