real_prop,pred_prop,pred_prop_2017,predset,year,pred_state,model,n
0.0598498059789126,0.0642058128532229,0.0642280510943838,Using Identity Responses,2013,DE,gbrt,2756
0.0497653161260534,0.0709484399607501,0.0708308897064171,Using Identity Responses,2015,DE,gbrt,2777
0.0693096591178337,0.0754896639049786,0.0754896639049786,Using Identity Responses,2017,DE,gbrt,2906
0.0598498059789126,0.0605199985698027,0.0605275694754359,Not Using Identity Responses,2013,DE,gbrt,2756
0.0497653161260534,0.0682875094706562,0.0681670017528898,Not Using Identity Responses,2015,DE,gbrt,2777
0.0693096591178337,0.0701920931371143,0.0701920931371143,Not Using Identity Responses,2017,DE,gbrt,2906
