real_prop,pred_prop,pred_prop_2017,predset,year,pred_state,model,n
0.0682562977142355,0.0546239285963698,0.0546239285963698,Using Identity Responses,2013,ME,lassolog,9017
0.0725037240773308,0.061196617818308,0.061196617818308,Using Identity Responses,2015,ME,lassolog,9605
0.0804764767521303,0.0675523694357485,0.0675523694357485,Using Identity Responses,2017,ME,lassolog,9501
0.0682562977142355,0.0625076983276074,0.0625076983276074,Not Using Identity Responses,2013,ME,lassolog,9017
0.0725037240773308,0.0618121193708886,0.0618121193708886,Not Using Identity Responses,2015,ME,lassolog,9605
0.0804764767521303,0.0602207392140767,0.0602207392140767,Not Using Identity Responses,2017,ME,lassolog,9501
