real_prop,pred_prop,pred_prop_2017,predset,year,pred_state,model,n
0.0572588408954186,0.0558795094892222,0.055917069936638,Using Identity Responses,2013,WI,gbrt,2843
0.0573642161677739,0.0666087698915212,0.0666087698915212,Using Identity Responses,2017,WI,gbrt,2067
0.0572588408954186,0.064135758426579,0.0641876337458443,Not Using Identity Responses,2013,WI,gbrt,2843
0.0573642161677739,0.0688339773402404,0.0688339773402404,Not Using Identity Responses,2017,WI,gbrt,2067
