real_prop,pred_prop,pred_prop_2017,predset,year,pred_state,model,n
0.0572588408954186,0.0632728340233904,0.0633597463399051,Using Identity Responses,2013,WI,ridge,2843
0.0573642161677739,0.0547862153115675,0.0547862153115675,Using Identity Responses,2017,WI,ridge,2067
0.0572588408954186,0.0705485673874568,0.0706354797039716,Not Using Identity Responses,2013,WI,ridge,2843
0.0573642161677739,0.0495418413231859,0.0495418413231859,Not Using Identity Responses,2017,WI,ridge,2067
