real_prop,pred_prop,pred_prop_2017,predset,year,pred_state,model,n
0.055827309140966,0.0733823591899289,0.0680681068334734,Using Identity Responses,2013,NC,ols,1846
0.0692219209963767,0.0764136272252128,0.0737425367081656,Using Identity Responses,2015,NC,ols,6178
0.0818405304321545,0.0966027682988392,0.0966027682988392,Using Identity Responses,2017,NC,ols,3151
0.055827309140966,0.0840677025872044,0.0787534502307489,Not Using Identity Responses,2013,NC,ols,1846
0.0692219209963767,0.0802875468401694,0.0776164563231222,Not Using Identity Responses,2015,NC,ols,6178
0.0818405304321545,0.0933464467872859,0.0933464467872859,Not Using Identity Responses,2017,NC,ols,3151
