real_prop,pred_prop,pred_prop_2017,predset,year,pred_state,model,n
0.0464356142435874,0.0522536792341112,0.0506837063383179,Using Identity Responses,2015,OK,ridgelog,1611
0.0674285541069115,0.0672748838906104,0.0672748838906104,Using Identity Responses,2017,OK,ridgelog,1649
0.0464356142435874,0.0541590468267007,0.0521356581071518,Not Using Identity Responses,2015,OK,ridgelog,1611
0.0674285541069115,0.0605559919477723,0.0605559919477723,Not Using Identity Responses,2017,OK,ridgelog,1649
