real_prop,pred_prop,pred_prop_2017,predset,year,pred_state,model,n
0.0657478082883377,0.0384934100343778,0.0385262638644806,Using Identity Responses,2013,FL,ridgelog,6089
0.066263853581743,0.0414666035215239,0.0401869935196741,Using Identity Responses,2015,FL,ridgelog,6359
0.0756363816315369,0.0490121522427338,0.0490121522427338,Using Identity Responses,2017,FL,ridgelog,6171
0.0657478082883377,0.0334942385506891,0.03353042688877,Not Using Identity Responses,2013,FL,ridgelog,6089
0.066263853581743,0.0360975758010639,0.034707327910038,Not Using Identity Responses,2015,FL,ridgelog,6359
0.0756363816315369,0.0382221968325124,0.0382221968325124,Not Using Identity Responses,2017,FL,ridgelog,6171
