real_prop,pred_prop,pred_prop_2017,predset,year,pred_state,model,n
0.057018080195718,0.0730165897955138,0.0742132499199567,Using Identity Responses,2013,MI,logit,4266
0.0683971468076034,0.0926295351824044,0.0871086220573043,Using Identity Responses,2015,MI,logit,4816
0.074250365940148,0.112540374603826,0.112540374603826,Using Identity Responses,2017,MI,logit,1626
0.057018080195718,0.0920595775165525,0.0939925415462025,Not Using Identity Responses,2013,MI,logit,4266
0.0683971468076034,0.10721969005154,0.09895957499376,Not Using Identity Responses,2015,MI,logit,4816
0.074250365940148,0.126378777606487,0.126378777606487,Not Using Identity Responses,2017,MI,logit,1626
