real_prop,pred_prop,pred_prop_2017,predset,year,pred_state,model,n
0.0572588408954186,0.0536003635217718,0.0536003635217718,Using Identity Responses,2013,WI,lassolog,2843
0.0573642161677739,0.0733018105833047,0.0733018105833047,Using Identity Responses,2017,WI,lassolog,2067
0.0572588408954186,0.0643972368383283,0.0643972368383283,Not Using Identity Responses,2013,WI,lassolog,2843
0.0573642161677739,0.0713413706755144,0.0713413706755144,Not Using Identity Responses,2017,WI,lassolog,2067
