real_prop,pred_prop,pred_prop_2017,predset,year,pred_state,model,n
0.0764828982851909,0.0687324948729357,0.0684376786607295,Using Identity Responses,2015,NY,rf,10834
0.0679558600645151,0.0708628479183729,0.0708628479183729,Using Identity Responses,2017,NY,rf,11411
0.0764828982851909,0.0523369542436554,0.052356207038611,Not Using Identity Responses,2015,NY,rf,10834
0.0679558600645151,0.0531073589113927,0.0531073589113927,Not Using Identity Responses,2017,NY,rf,11411
