real_prop,pred_prop,pred_prop_2017,predset,year,pred_state,model,n
0.0646944853761934,0.0908676307469588,0.0985826722145814,Using Identity Responses,2013,HI,ols,4631
0.0588180168301436,0.0775107190822962,0.0723829006505603,Using Identity Responses,2015,HI,ols,6089
0.0702698816680378,0.0771271747995376,0.0771271747995376,Using Identity Responses,2017,HI,ols,6031
0.0646944853761934,0.101651360608098,0.10936640207572,Not Using Identity Responses,2013,HI,ols,4631
0.0588180168301436,0.0796830018632444,0.0745551834315086,Not Using Identity Responses,2015,HI,ols,6089
0.0702698816680378,0.0715445790309989,0.0715445790309989,Not Using Identity Responses,2017,HI,ols,6031
