real_prop,pred_prop,pred_prop_2017,predset,year,pred_state,model,n
0.0646944853761934,0.0671362744128079,0.0671362744128079,Using Identity Responses,2013,HI,lassolog,4631
0.0588180168301436,0.0696672101835046,0.0696672101835046,Using Identity Responses,2015,HI,lassolog,6089
0.0702698816680378,0.0715802360221685,0.0715802360221685,Using Identity Responses,2017,HI,lassolog,6031
0.0646944853761934,0.0768438662930305,0.0768438662930305,Not Using Identity Responses,2013,HI,lassolog,4631
0.0588180168301436,0.07216034555125,0.07216034555125,Not Using Identity Responses,2015,HI,lassolog,6089
0.0702698816680378,0.0638856718591565,0.0638856718591565,Not Using Identity Responses,2017,HI,lassolog,6031
