real_prop,pred_prop,pred_prop_2017,predset,year,pred_state,model,n
0.057018080195718,0.0655887888292518,0.0656990211943199,Using Identity Responses,2013,MI,ridge,4266
0.0683971468076034,0.0792400664768611,0.0763365349411149,Using Identity Responses,2015,MI,ridge,4816
0.074250365940148,0.096338988954643,0.096338988954643,Using Identity Responses,2017,MI,ridge,1626
0.057018080195718,0.0709233136841039,0.0710335460491721,Not Using Identity Responses,2013,MI,ridge,4266
0.0683971468076034,0.0780118846067298,0.0751083530709836,Not Using Identity Responses,2015,MI,ridge,4816
0.074250365940148,0.0919920911340792,0.0919920911340792,Not Using Identity Responses,2017,MI,ridge,1626
