real_prop,pred_prop,pred_prop_2017,predset,year,pred_state,model,n
0.0764650112310126,0.0686644768171096,0.0686644768171096,Using Identity Responses,2015,MD,lasso,55596
0.0764650112310126,0.0598070203460367,0.0598070203460367,Not Using Identity Responses,2015,MD,lasso,55596
