real_prop,pred_prop,pred_prop_2017,predset,year,pred_state,model,n
0.0539962582515571,0.0655216249003814,0.0654991415544483,Using Identity Responses,2013,NH,gbrt,1634
0.0541399534169904,0.0589808850783832,0.0589808850783832,Using Identity Responses,2017,NH,gbrt,12050
0.0539962582515571,0.0775259373424432,0.0775574770537196,Not Using Identity Responses,2013,NH,gbrt,1634
0.0541399534169904,0.0540606100252747,0.0540606100252747,Not Using Identity Responses,2017,NH,gbrt,12050
