real_prop,pred_prop,pred_prop_2017,predset,year,pred_state,model,n
0.0539962582515571,0.0593649971802744,0.0593649971802744,Using Identity Responses,2013,NH,lasso,1634
0.0541399534169904,0.0528687989371506,0.0528687989371506,Using Identity Responses,2017,NH,lasso,12050
0.0539962582515571,0.0689531855825537,0.0689531855825537,Not Using Identity Responses,2013,NH,lasso,1634
0.0541399534169904,0.0497090944574282,0.0497090944574282,Not Using Identity Responses,2017,NH,lasso,12050
