real_prop,pred_prop,pred_prop_2017,predset,year,pred_state,model,n
0.0529864981089931,0.0633139589685743,0.0633139589685743,Using Identity Responses,2017,NE,gbrt,1427
0.0529864981089931,0.0647315778069732,0.0647315778069732,Not Using Identity Responses,2017,NE,gbrt,1427
