real_prop,pred_prop,pred_prop_2017,predset,year,pred_state,model,n
0.0827353054834071,0.0767181065303037,0.0760127974642787,Using Identity Responses,2015,MA,gbrt,1557
0.107045536014528,0.081161651891544,0.081161651891544,Using Identity Responses,2017,MA,gbrt,1632
0.0827353054834071,0.0774893191792512,0.0772835996485641,Not Using Identity Responses,2015,MA,gbrt,1557
0.107045536014528,0.0772976564061844,0.0772976564061844,Not Using Identity Responses,2017,MA,gbrt,1632
