real_prop,pred_prop,pred_prop_2017,predset,year,pred_state,model,n
0.109804747857489,0.0966251162097669,0.0884436275880067,Using Identity Responses,2015,MD,logit,28008
0.109804747857489,0.0887472701274103,0.0788689454302418,Not Using Identity Responses,2015,MD,logit,28008
