real_prop,pred_prop,pred_prop_2017,predset,year,pred_state,model,n
0.075119844533931,0.169238728591102,0.198256119328862,Using Identity Responses,2013,HI,ols,2445
0.0680372599539833,0.0677433948532297,0.0716766387736888,Using Identity Responses,2015,HI,ols,3018
0.084827967863696,0.0453925415397214,0.0453925415397214,Using Identity Responses,2017,HI,ols,2986
0.075119844533931,0.185130585934734,0.214147976672494,Not Using Identity Responses,2013,HI,ols,2445
0.0680372599539833,0.076853806449444,0.0807870503699031,Not Using Identity Responses,2015,HI,ols,3018
0.084827967863696,0.0459134853011347,0.0459134853011347,Not Using Identity Responses,2017,HI,ols,2986
