real_prop,pred_prop,pred_prop_2017,predset,year,pred_state,model,n
0.072613478953947,0.0730827431951729,0.0730827431951729,Using Identity Responses,2013,MI,lassolog,2121
0.100544140776316,0.0854309416655896,0.0854309416655896,Using Identity Responses,2015,MI,lassolog,2536
0.0951991941484635,0.11151207495935,0.11151207495935,Using Identity Responses,2017,MI,lassolog,801
0.072613478953947,0.0805073050128536,0.0805073050128536,Not Using Identity Responses,2013,MI,lassolog,2121
0.100544140776316,0.0829918150641814,0.0829918150641814,Not Using Identity Responses,2015,MI,lassolog,2536
0.0951991941484635,0.1149153954466,0.1149153954466,Not Using Identity Responses,2017,MI,lassolog,801
