real_prop,pred_prop,pred_prop_2017,predset,year,pred_state,model,n
0.0783836587118,0.105952396944735,0.105952396944735,Using Identity Responses,2017,NE,ols,700
0.0783836587118,0.110144468079287,0.110144468079287,Not Using Identity Responses,2017,NE,ols,700
