real_prop,pred_prop,pred_prop_2017,predset,year,pred_state,model,n
0.0843770692323679,0.0812380110142354,0.0812380110142354,Using Identity Responses,2013,ME,lassolog,4496
0.0970858727497033,0.0971895190736718,0.095660530728386,Using Identity Responses,2015,ME,lassolog,4751
0.106877310880908,0.105547827135214,0.105547827135214,Using Identity Responses,2017,ME,lassolog,4741
0.0843770692323679,0.0931497683488298,0.0931497683488298,Not Using Identity Responses,2013,ME,lassolog,4496
0.0970858727497033,0.100744729309326,0.0987510340027196,Not Using Identity Responses,2015,ME,lassolog,4751
0.106877310880908,0.0972422212005865,0.0972422212005865,Not Using Identity Responses,2017,ME,lassolog,4741
