real_prop,pred_prop,pred_prop_2017,predset,year,pred_state,model,n
0.0783836587118,0.0733809869239873,0.0733809869239873,Using Identity Responses,2017,NE,ridge,700
0.0783836587118,0.0697229294087125,0.0697229294087125,Not Using Identity Responses,2017,NE,ridge,700
