real_prop,pred_prop,pred_prop_2017,predset,year,pred_state,model,n
0.0864650263168967,0.106770252209729,0.106396191415912,Using Identity Responses,2013,DE,rf,1416
0.0646334013859354,0.113629598422191,0.113152699070676,Using Identity Responses,2015,DE,rf,1397
0.097056146173239,0.120593938362618,0.120593938362618,Using Identity Responses,2017,DE,rf,1477
0.0864650263168967,0.0940074679910167,0.0944325284129855,Not Using Identity Responses,2013,DE,rf,1416
0.0646334013859354,0.0980724830968001,0.0980196483441522,Not Using Identity Responses,2015,DE,rf,1397
0.097056146173239,0.104786650587003,0.104786650587003,Not Using Identity Responses,2017,DE,rf,1477
