real_prop,pred_prop,pred_prop_2017,predset,year,pred_state,model,n
0.0957700795152783,0.114739416284633,0.116263769238773,Using Identity Responses,2015,PA,ols,1445
0.0940179120970351,0.14512891450883,0.14512891450883,Using Identity Responses,2017,PA,ols,1857
0.0957700795152783,0.120537242758941,0.12206159571308,Not Using Identity Responses,2015,PA,ols,1445
0.0940179120970351,0.145941257728146,0.145941257728146,Not Using Identity Responses,2017,PA,ols,1857
