real_prop,pred_prop,pred_prop_2017,predset,year,pred_state,model,n
0.132498693440062,0.110527977505385,0.104986822007845,Using Identity Responses,2015,NV,logit,743
0.136435122523803,0.206886530245155,0.206886530245155,Using Identity Responses,2017,NV,logit,806
0.132498693440062,0.108765895157839,0.101730760479181,Not Using Identity Responses,2015,NV,logit,743
0.136435122523803,0.205466810813462,0.205466810813462,Not Using Identity Responses,2017,NV,logit,806
