real_prop,pred_prop,pred_prop_2017,predset,year,pred_state,model,n
0.0949856884465874,0.049136105511394,0.0769270655931219,Using Identity Responses,2013,RI,ols,1279
0.0938313387157423,0.00454388900569267,0.00606344187572525,Using Identity Responses,2015,RI,ols,1751
0.0987235984912112,0.113739045149859,0.113739045149859,Using Identity Responses,2017,RI,ols,1121
0.0949856884465874,0.0570402197844395,0.0848311798661674,Not Using Identity Responses,2013,RI,ols,1279
0.0938313387157423,0.00640113208228834,0.00792068495232092,Not Using Identity Responses,2015,RI,ols,1751
0.0987235984912112,0.102379487936274,0.102379487936274,Not Using Identity Responses,2017,RI,ols,1121
