real_prop,pred_prop,pred_prop_2017,predset,year,pred_state,model,n
0.123806853047453,0.118791552242598,0.118508542122121,Using Identity Responses,2015,WV,lassolog,820
0.0921107531673746,0.0945584810401682,0.0945584810401682,Using Identity Responses,2017,WV,lassolog,764
0.123806853047453,0.116649421336587,0.116289147622498,Not Using Identity Responses,2015,WV,lassolog,820
0.0921107531673746,0.0954213655132706,0.0954213655132706,Not Using Identity Responses,2017,WV,lassolog,764
