real_prop,pred_prop,pred_prop_2017,predset,year,pred_state,model,n
0.075119844533931,0.0941731221544682,0.0941731221544682,Using Identity Responses,2013,HI,lassolog,2445
0.0680372599539833,0.0914033248968138,0.0910110118338902,Using Identity Responses,2015,HI,lassolog,3018
0.084827967863696,0.0852083068479683,0.0852083068479683,Using Identity Responses,2017,HI,lassolog,2986
0.075119844533931,0.109384783663487,0.109384783663487,Not Using Identity Responses,2013,HI,lassolog,2445
0.0680372599539833,0.100499307622947,0.0999900139585614,Not Using Identity Responses,2015,HI,lassolog,3018
0.084827967863696,0.0832120004282976,0.0832120004282976,Not Using Identity Responses,2017,HI,lassolog,2986
