real_prop,pred_prop,pred_prop_2017,predset,year,pred_state,model,n
0.0843770692323679,0.0727187459371168,0.071671974938312,Using Identity Responses,2013,ME,ridgelog,4496
0.0970858727497033,0.0918002629792975,0.0877899517663965,Using Identity Responses,2015,ME,ridgelog,4751
0.106877310880908,0.0955808090221193,0.0955808090221193,Using Identity Responses,2017,ME,ridgelog,4741
0.0843770692323679,0.0703318177468386,0.0691164723525671,Not Using Identity Responses,2013,ME,ridgelog,4496
0.0970858727497033,0.0840771350892611,0.0797113196288303,Not Using Identity Responses,2015,ME,ridgelog,4751
0.106877310880908,0.0789706985432802,0.0789706985432802,Not Using Identity Responses,2017,ME,ridgelog,4741
