real_prop,pred_prop,pred_prop_2017,predset,year,pred_state,model,n
0.0724994606642105,0.00374262343734324,0.0354132829418196,Not Using Identity Responses,2013,KY,ols,783
0.127547383859589,0.0843320116711409,0.0893148573194833,Using Identity Responses,2015,KY,ols,1317
0.108983968339538,0.068663871638614,0.068663871638614,Using Identity Responses,2017,KY,ols,1020
0.127547383859589,0.0798667057458674,0.0848495513942097,Not Using Identity Responses,2015,KY,ols,1317
0.108983968339538,0.0576966216126678,0.0576966216126678,Not Using Identity Responses,2017,KY,ols,1020
