real_prop,pred_prop,pred_prop_2017,predset,year,pred_state,model,n
0.0895867652780171,0.121128785525534,0.117457289276223,Using Identity Responses,2015,AR,ridgelog,1512
0.164716721599528,0.138138511166096,0.138138511166096,Using Identity Responses,2017,AR,ridgelog,843
0.0895867652780171,0.10755929547359,0.103650686935694,Not Using Identity Responses,2015,AR,ridgelog,1512
0.164716721599528,0.115746278435917,0.115746278435917,Not Using Identity Responses,2017,AR,ridgelog,843
