real_prop,pred_prop,pred_prop_2017,predset,year,pred_state,model,n
0.0868690318051885,0.0992888604395194,0.108115979363875,Using Identity Responses,2013,NC,ols,942
0.0930644292622681,0.108382194232898,0.11051657935782,Using Identity Responses,2015,NC,ols,3062
0.114583459158129,0.117193253470738,0.117193253470738,Using Identity Responses,2017,NC,ols,1648
0.0868690318051885,0.109195237881704,0.11802235680606,Not Using Identity Responses,2013,NC,ols,942
0.0930644292622681,0.111615266829843,0.113749651954764,Not Using Identity Responses,2015,NC,ols,3062
0.114583459158129,0.11000714264917,0.11000714264917,Not Using Identity Responses,2017,NC,ols,1648
