real_prop,pred_prop,pred_prop_2017,predset,year,pred_state,model,n
0.0864650263168967,0.0874479720080069,0.0869906271604938,Using Identity Responses,2013,DE,ridgelog,1416
0.0646334013859354,0.124077004096924,0.120544205041977,Using Identity Responses,2015,DE,ridgelog,1397
0.097056146173239,0.1215820725378,0.1215820725378,Using Identity Responses,2017,DE,ridgelog,1477
0.0864650263168967,0.0805857067317622,0.0800740639981839,Not Using Identity Responses,2013,DE,ridgelog,1416
0.0646334013859354,0.116674420630783,0.112652031325119,Not Using Identity Responses,2015,DE,ridgelog,1397
0.097056146173239,0.104547240765656,0.104547240765656,Not Using Identity Responses,2017,DE,ridgelog,1477
