real_prop,pred_prop,pred_prop_2017,predset,year,pred_state,model,n
0.0788288693602193,0.0850624562863197,0.0850624562863197,Using Identity Responses,2013,NH,lassolog,856
0.0766525795223136,0.0903344265726141,0.0903344265726141,Using Identity Responses,2017,NH,lassolog,5853
0.0788288693602193,0.0964418107355508,0.0964418107355508,Not Using Identity Responses,2013,NH,lassolog,856
0.0766525795223136,0.084182276848369,0.084182276848369,Not Using Identity Responses,2017,NH,lassolog,5853
