real_prop,pred_prop,pred_prop_2017,predset,year,pred_state,model,n
0.0957700795152783,0.110020258851145,0.103846669352434,Using Identity Responses,2015,PA,ridge,1445
0.0940179120970351,0.128950964946163,0.128950964946163,Using Identity Responses,2017,PA,ridge,1857
0.0957700795152783,0.107650317908981,0.10147672841027,Not Using Identity Responses,2015,PA,ridge,1445
0.0940179120970351,0.122584065444094,0.122584065444094,Not Using Identity Responses,2017,PA,ridge,1857
