real_prop,pred_prop,pred_prop_2017,predset,year,pred_state,model,n
0.101410518004331,0.0849021666387984,0.0790677741656602,Using Identity Responses,2015,IN,logit,997
0.101410518004331,0.0842702682959832,0.0768062400469326,Not Using Identity Responses,2015,IN,logit,997
