real_prop,pred_prop,pred_prop_2017,predset,year,pred_state,model,n
0.0864650263168967,0.0598535246456102,0.0626879303076405,Using Identity Responses,2013,DE,logit,1416
0.0646334013859354,0.132771268084677,0.125351682496301,Using Identity Responses,2015,DE,logit,1397
0.097056146173239,0.123553406488153,0.123553406488153,Using Identity Responses,2017,DE,logit,1477
0.0864650263168967,0.0563647338135711,0.0599269598443038,Not Using Identity Responses,2013,DE,logit,1416
0.0646334013859354,0.148534479178408,0.13798355476329,Not Using Identity Responses,2015,DE,logit,1397
0.097056146173239,0.118545657863074,0.118545657863074,Not Using Identity Responses,2017,DE,logit,1477
