real_prop,pred_prop,pred_prop_2017,predset,year,pred_state,model,n
0.0643806808956871,0.0854990266068818,0.0826113825153556,Using Identity Responses,2015,CA,ridgelog,1000
0.0925486930642431,0.0925112012753097,0.0925112012753097,Using Identity Responses,2017,CA,ridgelog,866
0.0643806808956871,0.0789385516261701,0.0758596641306026,Not Using Identity Responses,2015,CA,ridgelog,1000
0.0925486930642431,0.0780077560030214,0.0780077560030214,Not Using Identity Responses,2017,CA,ridgelog,866
