real_prop,pred_prop,pred_prop_2017,predset,year,pred_state,model,n
0.098655552766548,0.0896414369118292,0.0896414369118292,Using Identity Responses,2013,FL,lassolog,3072
0.0932599904908292,0.091934436530288,0.0903770852210599,Using Identity Responses,2015,FL,lassolog,3199
0.114229506333363,0.10046431707812,0.10046431707812,Using Identity Responses,2017,FL,lassolog,3142
0.098655552766548,0.0863096161215814,0.0863096161215814,Not Using Identity Responses,2013,FL,lassolog,3072
0.0932599904908292,0.0885854756815268,0.0866348925684876,Not Using Identity Responses,2015,FL,lassolog,3199
0.114229506333363,0.0839948982791884,0.0839948982791884,Not Using Identity Responses,2017,FL,lassolog,3142
