real_prop,pred_prop,pred_prop_2017,predset,year,pred_state,model,n
0.0957700795152783,0.0966769835643319,0.0940898567423677,Using Identity Responses,2015,PA,lasso,1445
0.0940179120970351,0.109946672547752,0.109946672547752,Using Identity Responses,2017,PA,lasso,1857
0.0957700795152783,0.0986164742300361,0.0960293474080719,Not Using Identity Responses,2015,PA,lasso,1445
0.0940179120970351,0.106954477492145,0.106954477492145,Not Using Identity Responses,2017,PA,lasso,1857
