real_prop,pred_prop,pred_prop_2017,predset,year,pred_state,model,n
0.109804747857489,0.0882710080012819,0.084028502476672,Using Identity Responses,2015,MD,ridge,28008
0.109804747857489,0.0765383567489654,0.0722958512243555,Not Using Identity Responses,2015,MD,ridge,28008
