real_prop,pred_prop,pred_prop_2017,predset,year,pred_state,model,n
0.0827353054834071,0.0769265434462042,0.0762630926277201,Using Identity Responses,2015,MA,lassolog,1557
0.107045536014528,0.0820751095721966,0.0820751095721966,Using Identity Responses,2017,MA,lassolog,1632
0.0827353054834071,0.078966838710558,0.0781042369568507,Not Using Identity Responses,2015,MA,lassolog,1557
0.107045536014528,0.0750561208101348,0.0750561208101348,Not Using Identity Responses,2017,MA,lassolog,1632
