real_prop,pred_prop,pred_prop_2017,predset,year,pred_state,model,n
0.0864650263168967,0.0871941622186814,0.0871941622186814,Using Identity Responses,2013,DE,lassolog,1416
0.0646334013859354,0.107525000086147,0.107293489516819,Using Identity Responses,2015,DE,lassolog,1397
0.097056146173239,0.111620439464012,0.111620439464012,Using Identity Responses,2017,DE,lassolog,1477
0.0864650263168967,0.0887800014421106,0.0887800014421106,Not Using Identity Responses,2013,DE,lassolog,1416
0.0646334013859354,0.108400005928938,0.108097929989638,Not Using Identity Responses,2015,DE,lassolog,1397
0.097056146173239,0.101448894266816,0.101448894266816,Not Using Identity Responses,2017,DE,lassolog,1477
