real_prop,pred_prop,pred_prop_2017,predset,year,pred_state,model,n
0.0981574207345052,0.0396199739518091,0.0476358476480747,Using Identity Responses,2015,NY,ols,5615
0.098551826914993,0.0352694432701493,0.0352694432701493,Using Identity Responses,2017,NY,ols,5887
0.0981574207345052,0.0365907934587052,0.0446066671549708,Not Using Identity Responses,2015,NY,ols,5615
0.098551826914993,0.0221381684276121,0.0221381684276121,Not Using Identity Responses,2017,NY,ols,5887
