real_prop,pred_prop,pred_prop_2017,predset,year,pred_state,model,n
0.0809785336524663,0.0770768486942229,0.0770359934056244,Using Identity Responses,2013,WI,rf,1434
0.0802371356997158,0.0964168361677546,0.0964168361677546,Using Identity Responses,2017,WI,rf,1026
0.0809785336524663,0.0831028110154959,0.0832585021002883,Not Using Identity Responses,2013,WI,rf,1434
0.0802371356997158,0.0926871700303183,0.0926871700303183,Not Using Identity Responses,2017,WI,rf,1026
