real_prop,pred_prop,pred_prop_2017,predset,year,pred_state,model,n
0.123806853047453,0.126116237314446,0.122267045175065,Using Identity Responses,2015,WV,ridgelog,820
0.0921107531673746,0.0986734392417978,0.0986734392417978,Using Identity Responses,2017,WV,ridgelog,764
0.123806853047453,0.113845748735281,0.109613307753909,Not Using Identity Responses,2015,WV,ridgelog,820
0.0921107531673746,0.0896782294039396,0.0896782294039396,Not Using Identity Responses,2017,WV,ridgelog,764
