real_prop,pred_prop,pred_prop_2017,predset,year,pred_state,model,n
0.0864650263168967,0.0861603543305585,0.0856392926393044,Using Identity Responses,2013,DE,ridge,1416
0.0646334013859354,0.125499921829934,0.120978171253524,Using Identity Responses,2015,DE,ridge,1397
0.097056146173239,0.124546701561386,0.124546701561386,Using Identity Responses,2017,DE,ridge,1477
0.0864650263168967,0.0869105985431934,0.0863895368519393,Not Using Identity Responses,2013,DE,ridge,1416
0.0646334013859354,0.119670087693991,0.115148337117582,Not Using Identity Responses,2015,DE,ridge,1397
0.097056146173239,0.109131946736213,0.109131946736213,Not Using Identity Responses,2017,DE,ridge,1477
