real_prop,pred_prop,pred_prop_2017,predset,year,pred_state,model,n
0.098655552766548,0.104930487553766,0.104706261774168,Using Identity Responses,2013,FL,rf,3072
0.0932599904908292,0.102409932141298,0.101572750479169,Using Identity Responses,2015,FL,rf,3199
0.114229506333363,0.111471089484311,0.111471089484311,Using Identity Responses,2017,FL,rf,3142
0.098655552766548,0.0923857050770299,0.0926580891021406,Not Using Identity Responses,2013,FL,rf,3072
0.0932599904908292,0.0900907524095251,0.0900505917651092,Not Using Identity Responses,2015,FL,rf,3199
0.114229506333363,0.0874453809396178,0.0874453809396178,Not Using Identity Responses,2017,FL,rf,3142
