real_prop,pred_prop,pred_prop_2017,predset,year,pred_state,model,n
0.0843048203847791,0.0718696198696647,0.0718696198696647,Using Identity Responses,2017,IA,logit,820
0.0843048203847791,0.0580601399761991,0.0580601399761991,Not Using Identity Responses,2017,IA,logit,820
