real_prop,pred_prop,pred_prop_2017,predset,year,pred_state,model,n
0.0895867652780171,0.125778928982219,0.120618902670713,Using Identity Responses,2015,AR,ridge,1512
0.164716721599528,0.148071407404222,0.148071407404222,Using Identity Responses,2017,AR,ridge,843
0.0895867652780171,0.117083728826063,0.111923702514557,Not Using Identity Responses,2015,AR,ridge,1512
0.164716721599528,0.128722609434142,0.128722609434142,Not Using Identity Responses,2017,AR,ridge,843
