real_prop,pred_prop,pred_prop_2017,predset,year,pred_state,model,n
0.0949856884465874,0.0745521873485095,0.0745521873485095,Using Identity Responses,2013,RI,lasso,1279
0.0938313387157423,0.101204173201337,0.0982958882344693,Using Identity Responses,2015,RI,lasso,1751
0.0987235984912112,0.118980777412936,0.118980777412936,Using Identity Responses,2017,RI,lasso,1121
0.0949856884465874,0.0785800651213137,0.0785800651213137,Not Using Identity Responses,2013,RI,lasso,1279
0.0938313387157423,0.0993008688304389,0.096392583863571,Not Using Identity Responses,2015,RI,lasso,1751
0.0987235984912112,0.103835981168432,0.103835981168432,Not Using Identity Responses,2017,RI,lasso,1121
