real_prop,pred_prop,pred_prop_2017,predset,year,pred_state,model,n
0.0945111994260459,0.121006845112803,0.121006845112803,Using Identity Responses,2017,SC,lasso,790
0.0945111994260459,0.108659266488112,0.108659266488112,Not Using Identity Responses,2017,SC,lasso,790
