real_prop,pred_prop,pred_prop_2017,predset,year,pred_state,model,n
0.104433093085972,0.118002455473012,0.118002455473012,Using Identity Responses,2015,NM,lassolog,4268
0.100798764380706,0.129460677756437,0.129460677756437,Using Identity Responses,2017,NM,lassolog,2924
0.104433093085972,0.109378241713249,0.109378241713249,Not Using Identity Responses,2015,NM,lassolog,4268
0.100798764380706,0.118309907871747,0.118309907871747,Not Using Identity Responses,2017,NM,lassolog,2924
