real_prop,pred_prop,pred_prop_2017,predset,year,pred_state,model,n
0.0895867652780171,0.14989958340908,0.155127718399347,Using Identity Responses,2015,AR,ols,1512
0.164716721599528,0.180396116038714,0.180396116038714,Using Identity Responses,2017,AR,ols,843
0.0895867652780171,0.147568664349542,0.152796799339808,Not Using Identity Responses,2015,AR,ols,1512
0.164716721599528,0.165007370438301,0.165007370438301,Not Using Identity Responses,2017,AR,ols,843
