real_prop,pred_prop,pred_prop_2017,predset,year,pred_state,model,n
0.0783836587118,0.0844773977829776,0.0844773977829776,Using Identity Responses,2017,NE,lasso,700
0.0783836587118,0.0848511178672973,0.0848511178672973,Not Using Identity Responses,2017,NE,lasso,700
