real_prop,pred_prop,pred_prop_2017,predset,year,pred_state,model,n
0.072613478953947,0.105460212200621,0.108957452140076,Using Identity Responses,2013,MI,logit,2121
0.100544140776316,0.126747832673289,0.116489839361545,Using Identity Responses,2015,MI,logit,2536
0.0951991941484635,0.175506048152926,0.175506048152926,Using Identity Responses,2017,MI,logit,801
0.072613478953947,0.136505103417452,0.142157377840363,Not Using Identity Responses,2013,MI,logit,2121
0.100544140776316,0.144480742377973,0.129700558655447,Not Using Identity Responses,2015,MI,logit,2536
0.0951991941484635,0.205688526256223,0.205688526256223,Not Using Identity Responses,2017,MI,logit,801
