real_prop,pred_prop,pred_prop_2017,predset,year,pred_state,model,n
0.0938632962977319,0.103864439268914,0.0985240269077052,Using Identity Responses,2015,WY,ridge,1206
0.0938632962977319,0.104296841404787,0.0989564290435776,Not Using Identity Responses,2015,WY,ridge,1206
