real_prop,pred_prop,pred_prop_2017,predset,year,pred_state,model,n
0.0864650263168967,0.130619300327402,0.156143513932869,Using Identity Responses,2013,DE,ols,1416
0.0646334013859354,0.170727195778165,0.176288056309112,Using Identity Responses,2015,DE,ols,1397
0.097056146173239,0.126801423545775,0.126801423545775,Using Identity Responses,2017,DE,ols,1477
0.0864650263168967,0.139935837073175,0.165460050678641,Not Using Identity Responses,2013,DE,ols,1416
0.0646334013859354,0.17192315025528,0.177484010786226,Not Using Identity Responses,2015,DE,ols,1397
0.097056146173239,0.11597332417572,0.11597332417572,Not Using Identity Responses,2017,DE,ols,1477
