real_prop,pred_prop,pred_prop_2017,predset,year,pred_state,model,n
0.104433093085972,0.116235008617482,0.115625617763959,Using Identity Responses,2015,NM,rf,4268
0.100798764380706,0.122280526598846,0.122280526598846,Using Identity Responses,2017,NM,rf,2924
0.104433093085972,0.0988839014983763,0.098987139271747,Not Using Identity Responses,2015,NM,rf,4268
0.100798764380706,0.102781598658595,0.102781598658595,Not Using Identity Responses,2017,NM,rf,2924
