real_prop,pred_prop,pred_prop_2017,predset,year,pred_state,model,n
0.0957700795152783,0.0975817948534346,0.096998244941367,Using Identity Responses,2015,PA,rf,1445
0.0940179120970351,0.102325841923195,0.102325841923195,Using Identity Responses,2017,PA,rf,1857
0.0957700795152783,0.0863374164322956,0.0864681754225923,Not Using Identity Responses,2015,PA,rf,1445
0.0940179120970351,0.0950726890691485,0.0950726890691485,Not Using Identity Responses,2017,PA,rf,1857
