real_prop,pred_prop,pred_prop_2017,predset,year,pred_state,model,n
0.104433093085972,0.116117403957186,0.115464646100544,Using Identity Responses,2015,NM,lasso,4268
0.100798764380706,0.13101584083408,0.13101584083408,Using Identity Responses,2017,NM,lasso,2924
0.104433093085972,0.105049519114894,0.104396761258252,Not Using Identity Responses,2015,NM,lasso,4268
0.100798764380706,0.113896871346762,0.113896871346762,Not Using Identity Responses,2017,NM,lasso,2924
