real_prop,pred_prop,pred_prop_2017,predset,year,pred_state,model,n
0.0864650263168967,0.0882484667512339,0.0882484667512339,Using Identity Responses,2013,DE,lasso,1416
0.0646334013859354,0.111651998123311,0.109563088396733,Using Identity Responses,2015,DE,lasso,1397
0.097056146173239,0.113008485501961,0.113008485501961,Using Identity Responses,2017,DE,lasso,1477
0.0864650263168967,0.0939043938145623,0.0939043938145623,Not Using Identity Responses,2013,DE,lasso,1416
0.0646334013859354,0.109153005498038,0.107064095771459,Not Using Identity Responses,2015,DE,lasso,1397
0.097056146173239,0.0986708456437873,0.0986708456437873,Not Using Identity Responses,2017,DE,lasso,1477
