real_prop,pred_prop,pred_prop_2017,predset,year,pred_state,model,n
0.0756195602470344,0.0817695883157687,0.0816267226956313,Using Identity Responses,2015,CT,gbrt,1199
0.108645705545499,0.0900927300707102,0.0900927300707102,Using Identity Responses,2017,CT,gbrt,1214
0.0756195602470344,0.0810466002225953,0.0809637936451492,Not Using Identity Responses,2015,CT,gbrt,1199
0.108645705545499,0.0823915377698136,0.0823915377698136,Not Using Identity Responses,2017,CT,gbrt,1214
