real_prop,pred_prop,pred_prop_2017,predset,year,pred_state,model,n
0.104433093085972,0.119859952318217,0.119920667224791,Using Identity Responses,2015,NM,gbrt,4268
0.100798764380706,0.127831145737767,0.127831145737767,Using Identity Responses,2017,NM,gbrt,2924
0.104433093085972,0.114455412337168,0.114573168168652,Not Using Identity Responses,2015,NM,gbrt,4268
0.100798764380706,0.121725788619,0.121725788619,Not Using Identity Responses,2017,NM,gbrt,2924
