real_prop,pred_prop,pred_prop_2017,predset,year,pred_state,model,n
0.0724994606642105,0.0786447155555763,0.0780474624434315,Not Using Identity Responses,2013,KY,ridgelog,783
0.127547383859589,0.123254046946821,0.11964647529367,Using Identity Responses,2015,KY,ridgelog,1317
0.108983968339538,0.131523851205716,0.131523851205716,Using Identity Responses,2017,KY,ridgelog,1020
0.127547383859589,0.106608181125464,0.102590253754222,Not Using Identity Responses,2015,KY,ridgelog,1317
0.108983968339538,0.113784896177311,0.113784896177311,Not Using Identity Responses,2017,KY,ridgelog,1020
