real_prop,pred_prop,pred_prop_2017,predset,year,pred_state,model,n
0.0950330407854615,0.102091048735358,0.102050209479504,Using Identity Responses,2013,IL,gbrt,1735
0.0868225675830887,0.0899378986012861,0.0898444726437574,Using Identity Responses,2015,IL,gbrt,1629
0.103153845097944,0.106162298779414,0.106162298779414,Using Identity Responses,2017,IL,gbrt,2565
0.0950330407854615,0.102912376997183,0.102912376997183,Not Using Identity Responses,2013,IL,gbrt,1735
0.0868225675830887,0.0836164650725626,0.083532764395526,Not Using Identity Responses,2015,IL,gbrt,1629
0.103153845097944,0.100163105816175,0.100163105816175,Not Using Identity Responses,2017,IL,gbrt,2565
