real_prop,pred_prop,pred_prop_2017,predset,year,pred_state,model,n
0.0688393882192547,0.0954462886526192,0.0950116660886115,Using Identity Responses,2015,OK,rf,773
0.108776626641322,0.122275262908749,0.122275262908749,Using Identity Responses,2017,OK,rf,834
0.0688393882192547,0.0946904131302614,0.0947084715155759,Not Using Identity Responses,2015,OK,rf,773
0.108776626641322,0.111127627867787,0.111127627867787,Not Using Identity Responses,2017,OK,rf,834
