real_prop,pred_prop,pred_prop_2017,predset,year,pred_state,model,n
0.0809785336524663,0.0761963500631786,0.0762414407350446,Using Identity Responses,2013,WI,gbrt,1434
0.0802371356997158,0.0925477809991837,0.0925477809991837,Using Identity Responses,2017,WI,gbrt,1026
0.0809785336524663,0.0918892749374835,0.0928107231554214,Not Using Identity Responses,2013,WI,gbrt,1434
0.0802371356997158,0.098024405646126,0.098024405646126,Not Using Identity Responses,2017,WI,gbrt,1026
