real_prop,pred_prop,pred_prop_2017,predset,year,pred_state,model,n
0.098655552766548,0.0909000800619733,0.0909030400144811,Using Identity Responses,2013,FL,gbrt,3072
0.0932599904908292,0.0917525447338301,0.0911167844882716,Using Identity Responses,2015,FL,gbrt,3199
0.114229506333363,0.099893239991052,0.099893239991052,Using Identity Responses,2017,FL,gbrt,3142
0.098655552766548,0.080606499881724,0.0809852003101943,Not Using Identity Responses,2013,FL,gbrt,3072
0.0932599904908292,0.0837118345619865,0.0833231494264967,Not Using Identity Responses,2015,FL,gbrt,3199
0.114229506333363,0.0819498603958942,0.0819498603958942,Not Using Identity Responses,2017,FL,gbrt,3142
