real_prop,pred_prop,pred_prop_2017,predset,year,pred_state,model,n
0.132498693440062,0.106946502078143,0.106818417723802,Using Identity Responses,2015,NV,lassolog,743
0.136435122523803,0.119152693269778,0.119152693269778,Using Identity Responses,2017,NV,lassolog,806
0.132498693440062,0.0998468344186566,0.0996920896275304,Not Using Identity Responses,2015,NV,lassolog,743
0.136435122523803,0.0942319686846647,0.0942319686846647,Not Using Identity Responses,2017,NV,lassolog,806
