real_prop,pred_prop,pred_prop_2017,predset,year,pred_state,model,n
0.0788288693602193,0.10305607205818,0.102195781948837,Using Identity Responses,2013,NH,ridge,856
0.0766525795223136,0.0828815973879612,0.0828815973879612,Using Identity Responses,2017,NH,ridge,5853
0.0788288693602193,0.107579495252948,0.106719205143605,Not Using Identity Responses,2013,NH,ridge,856
0.0766525795223136,0.0717379440418183,0.0717379440418183,Not Using Identity Responses,2017,NH,ridge,5853
