real_prop,pred_prop,pred_prop_2017,predset,year,pred_state,model,n
0.098655552766548,-0.0649398154325027,-0.043962038535769,Using Identity Responses,2013,FL,ols,3072
0.0932599904908292,-0.0314471104022143,-0.0302921853402106,Using Identity Responses,2015,FL,ols,3199
0.114229506333363,-0.0351794955236223,-0.0351794955236223,Using Identity Responses,2017,FL,ols,3142
0.098655552766548,-0.0581648962192986,-0.0371871193225649,Not Using Identity Responses,2013,FL,ols,3072
0.0932599904908292,-0.027640680973368,-0.0264857559113642,Not Using Identity Responses,2015,FL,ols,3199
0.114229506333363,-0.0444139400785953,-0.0444139400785953,Not Using Identity Responses,2017,FL,ols,3142
