real_prop,pred_prop,pred_prop_2017,predset,year,pred_state,model,n
0.0783836587118,0.0929073986889809,0.0929073986889809,Using Identity Responses,2017,NE,rf,700
0.0783836587118,0.0834071906517864,0.0834071906517864,Not Using Identity Responses,2017,NE,rf,700
