real_prop,pred_prop,pred_prop_2017,predset,year,pred_state,model,n
0.0950330407854615,0.131435752666184,0.130025775058433,Using Identity Responses,2013,IL,ridge,1735
0.0868225675830887,0.0785600410291084,0.0723809269166314,Using Identity Responses,2015,IL,ridge,1629
0.103153845097944,0.112271286647325,0.112271286647325,Using Identity Responses,2017,IL,ridge,2565
0.0950330407854615,0.130338929203011,0.128928951595261,Not Using Identity Responses,2013,IL,ridge,1735
0.0868225675830887,0.0769111769408693,0.0707320628283923,Not Using Identity Responses,2015,IL,ridge,1629
0.103153845097944,0.100126364225379,0.100126364225379,Not Using Identity Responses,2017,IL,ridge,2565
