real_prop,pred_prop,pred_prop_2017,predset,year,pred_state,model,n
0.072613478953947,0.0860313456461243,0.0853230188201174,Using Identity Responses,2013,MI,ridgelog,2121
0.100544140776316,0.101422391837571,0.0978213181052362,Using Identity Responses,2015,MI,ridgelog,2536
0.0951991941484635,0.133814175641439,0.133814175641439,Using Identity Responses,2017,MI,ridgelog,801
0.072613478953947,0.0857508468003497,0.0848944711677405,Not Using Identity Responses,2013,MI,ridgelog,2121
0.100544140776316,0.0928409984055097,0.0888411810263337,Not Using Identity Responses,2015,MI,ridgelog,2536
0.0951991941484635,0.12867628618855,0.12867628618855,Not Using Identity Responses,2017,MI,ridgelog,801
