real_prop,pred_prop,pred_prop_2017,predset,year,pred_state,model,n
0.0688393882192547,0.0792284083992623,0.0764330828704413,Using Identity Responses,2015,OK,ridgelog,773
0.108776626641322,0.109283182429668,0.109283182429668,Using Identity Responses,2017,OK,ridgelog,834
0.0688393882192547,0.0722524216044113,0.0690969065235665,Not Using Identity Responses,2015,OK,ridgelog,773
0.108776626641322,0.0925521323590389,0.0925521323590389,Not Using Identity Responses,2017,OK,ridgelog,834
