real_prop,pred_prop,pred_prop_2017,predset,year,pred_state,model,n
0.0756195602470344,0.0832432491735524,0.0821709582957077,Using Identity Responses,2015,CT,rf,1199
0.108645705545499,0.0905465081956006,0.0905465081956006,Using Identity Responses,2017,CT,rf,1214
0.0756195602470344,0.0715755545415808,0.0714479687067439,Not Using Identity Responses,2015,CT,rf,1199
0.108645705545499,0.0705318830042078,0.0705318830042078,Not Using Identity Responses,2017,CT,rf,1214
