real_prop,pred_prop,pred_prop_2017,predset,year,pred_state,model,n
0.0868690318051885,0.0916253444081573,0.0922659175566685,Using Identity Responses,2013,NC,logit,942
0.0930644292622681,0.106008493642106,0.100767442455924,Using Identity Responses,2015,NC,logit,3062
0.114583459158129,0.135898435947779,0.135898435947779,Using Identity Responses,2017,NC,logit,1648
0.0868690318051885,0.0946409781803428,0.0955247797120806,Not Using Identity Responses,2013,NC,logit,942
0.0930644292622681,0.105700555364751,0.098514248271992,Not Using Identity Responses,2015,NC,logit,3062
0.114583459158129,0.129999089711063,0.129999089711063,Not Using Identity Responses,2017,NC,logit,1648
