real_prop,pred_prop,pred_prop_2017,predset,year,pred_state,model,n
0.0950330407854615,0.139918767571662,0.143251191764898,Using Identity Responses,2013,IL,logit,1735
0.0868225675830887,0.0812361302810468,0.0731540479474266,Using Identity Responses,2015,IL,logit,1629
0.103153845097944,0.119587133886803,0.119587133886803,Using Identity Responses,2017,IL,logit,2565
0.0950330407854615,0.161695400147853,0.166750241745784,Not Using Identity Responses,2013,IL,logit,1735
0.0868225675830887,0.0827330825484811,0.0723755082365283,Not Using Identity Responses,2015,IL,logit,1629
0.103153845097944,0.115431988872141,0.115431988872141,Not Using Identity Responses,2017,IL,logit,2565
