real_prop,pred_prop,pred_prop_2017,predset,year,pred_state,model,n
0.0864650263168967,0.0932505820443036,0.0931470939427685,Using Identity Responses,2013,DE,gbrt,1416
0.0646334013859354,0.103872492441714,0.103679870319818,Using Identity Responses,2015,DE,gbrt,1397
0.097056146173239,0.114970644141799,0.114970644141799,Using Identity Responses,2017,DE,gbrt,1477
0.0864650263168967,0.0815820291541398,0.0822114106379387,Not Using Identity Responses,2013,DE,gbrt,1416
0.0646334013859354,0.0968594356269345,0.0966476438509195,Not Using Identity Responses,2015,DE,gbrt,1397
0.097056146173239,0.104668649330252,0.104668649330252,Not Using Identity Responses,2017,DE,gbrt,1477
