real_prop,pred_prop,pred_prop_2017,predset,year,pred_state,model,n
0.0949856884465874,0.0982097293568663,0.0977683548678207,Using Identity Responses,2013,RI,rf,1279
0.0938313387157423,0.106850417668749,0.106156662224837,Using Identity Responses,2015,RI,rf,1751
0.0987235984912112,0.110248359933369,0.110248359933369,Using Identity Responses,2017,RI,rf,1121
0.0949856884465874,0.0868234537797891,0.0869840027072901,Not Using Identity Responses,2013,RI,rf,1279
0.0938313387157423,0.100204533066468,0.100038927783059,Not Using Identity Responses,2015,RI,rf,1751
0.0987235984912112,0.0912905409381574,0.0912905409381574,Not Using Identity Responses,2017,RI,rf,1121
