real_prop,pred_prop,pred_prop_2017,predset,year,pred_state,model,n
0.0981574207345052,0.0881904318703909,0.0879681939902299,Using Identity Responses,2015,NY,rf,5615
0.098551826914993,0.0925910624930172,0.0925910624930172,Using Identity Responses,2017,NY,rf,5887
0.0981574207345052,0.0639623685599712,0.0654685411218964,Not Using Identity Responses,2015,NY,rf,5615
0.098551826914993,0.0671650296580696,0.0671650296580696,Not Using Identity Responses,2017,NY,rf,5887
