real_prop,pred_prop,pred_prop_2017,predset,year,pred_state,model,n
0.0957700795152783,0.107716010577134,0.103505975702085,Using Identity Responses,2015,PA,ridgelog,1445
0.0940179120970351,0.127944904867985,0.127944904867985,Using Identity Responses,2017,PA,ridgelog,1857
0.0957700795152783,0.10095877310091,0.0961770915797057,Not Using Identity Responses,2015,PA,ridgelog,1445
0.0940179120970351,0.11859676581654,0.11859676581654,Not Using Identity Responses,2017,PA,ridgelog,1857
