real_prop,pred_prop,pred_prop_2017,predset,year,pred_state,model,n
0.0845370664322053,0.05700897770129,0.05700897770129,Using Identity Responses,2015,VT,lassolog,10243
0.0914041048756579,0.0874462808838589,0.0874462808838589,Using Identity Responses,2017,VT,lassolog,9985
0.0845370664322053,0.0508620364086254,0.0508620364086254,Not Using Identity Responses,2015,VT,lassolog,10243
0.0914041048756579,0.0789445635517141,0.0789445635517141,Not Using Identity Responses,2017,VT,lassolog,9985
