real_prop,pred_prop,pred_prop_2017,predset,year,pred_state,model,n
0.0643806808956871,0.0945001848602726,0.0938328494723824,Using Identity Responses,2015,CA,rf,1000
0.0925486930642431,0.099406299633705,0.099406299633705,Using Identity Responses,2017,CA,rf,866
0.0643806808956871,0.0895827648743858,0.0896594561761672,Not Using Identity Responses,2015,CA,rf,1000
0.0925486930642431,0.0863765725590786,0.0863765725590786,Not Using Identity Responses,2017,CA,rf,866
