real_prop,pred_prop,pred_prop_2017,predset,year,pred_state,model,n
0.0809785336524663,0.0729711510423404,0.0729711510423404,Using Identity Responses,2013,WI,lassolog,1434
0.0802371356997158,0.0986249126479235,0.0986249126479235,Using Identity Responses,2017,WI,lassolog,1026
0.0809785336524663,0.0914335186855326,0.0914335186855326,Not Using Identity Responses,2013,WI,lassolog,1434
0.0802371356997158,0.0958946848332248,0.0958946848332248,Not Using Identity Responses,2017,WI,lassolog,1026
