real_prop,pred_prop,pred_prop_2017,predset,year,pred_state,model,n
0.0809785336524663,0.0560151489397769,0.0599665001719065,Using Identity Responses,2013,WI,logit,1434
0.0802371356997158,0.0449805918644465,0.0449805918644465,Using Identity Responses,2017,WI,logit,1026
0.0809785336524663,0.0702399862180557,0.0762427687490304,Not Using Identity Responses,2013,WI,logit,1434
0.0802371356997158,0.0368624554328986,0.0368624554328986,Not Using Identity Responses,2017,WI,logit,1026
