real_prop,pred_prop,pred_prop_2017,predset,year,pred_state,model,n
0.0843770692323679,0.0664397355097954,0.0646313552018752,Using Identity Responses,2013,ME,ridge,4496
0.0970858727497033,0.0878892841861281,0.0814986424960424,Using Identity Responses,2015,ME,ridge,4751
0.106877310880908,0.0914017200984795,0.0914017200984795,Using Identity Responses,2017,ME,ridge,4741
0.0843770692323679,0.0723021416751836,0.0704937613672635,Not Using Identity Responses,2013,ME,ridge,4496
0.0970858727497033,0.0839521250145137,0.077561483324428,Not Using Identity Responses,2015,ME,ridge,4751
0.106877310880908,0.0770378066763286,0.0770378066763286,Not Using Identity Responses,2017,ME,ridge,4741
