real_prop,pred_prop,pred_prop_2017,predset,year,pred_state,model,n
0.0643806808956871,0.0838467144652355,0.0834651180602313,Using Identity Responses,2015,CA,lassolog,1000
0.0925486930642431,0.0922342105742549,0.0922342105742549,Using Identity Responses,2017,CA,lassolog,866
0.0643806808956871,0.0851239144483735,0.0846505387523897,Not Using Identity Responses,2015,CA,lassolog,1000
0.0925486930642431,0.0852245517371221,0.0852245517371221,Not Using Identity Responses,2017,CA,lassolog,866
