real_prop,pred_prop,pred_prop_2017,predset,year,pred_state,model,n
0.0845370664322053,0.0829967304712567,0.0826865714034084,Using Identity Responses,2015,VT,ols,10243
0.0914041048756579,0.063589161760374,0.063589161760374,Using Identity Responses,2017,VT,ols,9985
0.0845370664322053,0.0871982732103049,0.0868881141424566,Not Using Identity Responses,2015,VT,ols,10243
0.0914041048756579,0.0573908488046177,0.0573908488046177,Not Using Identity Responses,2017,VT,ols,9985
