real_prop,pred_prop,pred_prop_2017,predset,year,pred_state,model,n
0.132498693440062,0.107262270023135,0.107283142624737,Using Identity Responses,2015,NV,gbrt,743
0.136435122523803,0.119718085832335,0.119718085832335,Using Identity Responses,2017,NV,gbrt,806
0.132498693440062,0.0956078460367334,0.0957143360654072,Not Using Identity Responses,2015,NV,gbrt,743
0.136435122523803,0.089648727901836,0.089648727901836,Not Using Identity Responses,2017,NV,gbrt,806
