real_prop,pred_prop,pred_prop_2017,predset,year,pred_state,model,n
0.0845370664322053,0.0589823955405205,0.0543742491606459,Using Identity Responses,2015,VT,ridge,10243
0.0914041048756579,0.085060282165091,0.085060282165091,Using Identity Responses,2017,VT,ridge,9985
0.0845370664322053,0.0552750091628075,0.0506668627829329,Not Using Identity Responses,2015,VT,ridge,10243
0.0914041048756579,0.0729437332747625,0.0729437332747625,Not Using Identity Responses,2017,VT,ridge,9985
