real_prop,pred_prop,pred_prop_2017,predset,year,pred_state,model,n
0.043805834125189,0.0435815001611104,0.0434533019940019,Using Identity Responses,2015,NV,gbrt,705
0.0407495127719501,0.0427510267481175,0.0427510267481175,Using Identity Responses,2017,NV,gbrt,848
0.043805834125189,0.0399461299762127,0.0396909510580157,Not Using Identity Responses,2015,NV,gbrt,705
0.0407495127719501,0.0413507931648894,0.0413507931648894,Not Using Identity Responses,2017,NV,gbrt,848
