real_prop,pred_prop,pred_prop_2017,predset,year,pred_state,model,n
0.0275063113485452,0.031763951023752,0.031763951023752,Using Identity Responses,2015,CA,lassolog,929
0.0450759894837462,0.0457297208422667,0.0457297208422667,Using Identity Responses,2017,CA,lassolog,896
0.0275063113485452,0.0359082581492663,0.0359082581492663,Not Using Identity Responses,2015,CA,lassolog,929
0.0450759894837462,0.0524117112671096,0.0524117112671096,Not Using Identity Responses,2017,CA,lassolog,896
