real_prop,pred_prop,pred_prop_2017,predset,year,pred_state,model,n
0.0718210335744726,0.0677675991416328,0.0677675991416328,Using Identity Responses,2017,SC,ols,692
0.0718210335744726,0.0590866150254698,0.0590866150254698,Not Using Identity Responses,2017,SC,ols,692
