real_prop,pred_prop,pred_prop_2017,predset,year,pred_state,model,n
0.0302607378753822,0.0311505446598549,0.0311516151979045,Using Identity Responses,2013,NH,logit,761
0.0326681613261769,0.0520254955767853,0.0520254955767853,Using Identity Responses,2017,NH,logit,5986
0.0302607378753822,0.0390407698984527,0.0390422730260041,Not Using Identity Responses,2013,NH,logit,761
0.0326681613261769,0.059254529425672,0.059254529425672,Not Using Identity Responses,2017,NH,logit,5986
