real_prop,pred_prop,pred_prop_2017,predset,year,pred_state,model,n
0.0573797749157556,0.0689414496571723,0.0689414496571723,Using Identity Responses,2015,AR,lasso,1348
0.0568098506161409,0.0916109270086802,0.0916109270086802,Using Identity Responses,2017,AR,lasso,822
0.0573797749157556,0.0633530962132192,0.0633530962132192,Not Using Identity Responses,2015,AR,lasso,1348
0.0568098506161409,0.0752841030055355,0.0752841030055355,Not Using Identity Responses,2017,AR,lasso,822
