real_prop,pred_prop,pred_prop_2017,predset,year,pred_state,model,n
0.0374483483610843,-0.0125785406064436,-0.00763859293124386,Not Using Identity Responses,2013,KY,ols,835
0.0353357958787894,0.0379240049293009,0.0319369602206495,Using Identity Responses,2015,KY,ols,1239
0.0307737712614536,0.0151892986114943,0.0151892986114943,Using Identity Responses,2017,KY,ols,961
0.0353357958787894,0.0435583828339119,0.0375713381252606,Not Using Identity Responses,2015,KY,ols,1239
0.0307737712614536,0.0159216487928834,0.0159216487928834,Not Using Identity Responses,2017,KY,ols,961
