real_prop,pred_prop,pred_prop_2017,predset,year,pred_state,model,n
0.0387158925860245,0.0406918225017765,0.0402271922326247,Using Identity Responses,2015,PA,ridgelog,1448
0.0324504982182546,0.052925294747749,0.052925294747749,Using Identity Responses,2017,PA,ridgelog,1876
0.0387158925860245,0.0363717047623747,0.0358518031352958,Not Using Identity Responses,2015,PA,ridgelog,1448
0.0324504982182546,0.0496238421555189,0.0496238421555189,Not Using Identity Responses,2017,PA,ridgelog,1876
