real_prop,pred_prop,pred_prop_2017,predset,year,pred_state,model,n
0.0260992083062037,0.0467877883880043,0.0374701408539713,Using Identity Responses,2013,NC,ols,902
0.0467236357467239,0.0454408075954197,0.0425867360106344,Using Identity Responses,2015,NC,ols,3066
0.0506241620115915,0.0646291143760339,0.0646291143760339,Using Identity Responses,2017,NC,ols,1484
0.0260992083062037,0.055209598431454,0.0458919508974211,Not Using Identity Responses,2013,NC,ols,902
0.0467236357467239,0.0486662676703749,0.0458121960855896,Not Using Identity Responses,2015,NC,ols,3066
0.0506241620115915,0.0634703030908819,0.0634703030908819,Not Using Identity Responses,2017,NC,ols,1484
