real_prop,pred_prop,pred_prop_2017,predset,year,pred_state,model,n
0.0323266133968375,0.06068585235746,0.0557787204163118,Using Identity Responses,2015,VT,logit,10476
0.0371973252663913,0.0487358376457197,0.0487358376457197,Using Identity Responses,2017,VT,logit,10334
0.0323266133968375,0.081676128112312,0.0739570319310734,Not Using Identity Responses,2015,VT,logit,10476
0.0371973252663913,0.0585308315774916,0.0585308315774916,Not Using Identity Responses,2017,VT,logit,10334
