real_prop,pred_prop,pred_prop_2017,predset,year,pred_state,model,n
0.0451025589617144,0.0482352423383778,0.0482352423383778,Using Identity Responses,2017,TX,lasso,980
0.0451025589617144,0.0439856608157564,0.0439856608157564,Not Using Identity Responses,2017,TX,lasso,980
