real_prop,pred_prop,pred_prop_2017,predset,year,pred_state,model,n
0.0336343997727068,0.0459870806499105,0.0437658022538482,Using Identity Responses,2015,CT,ridge,1186
0.0574327735041058,0.0432132810815202,0.0432132810815202,Using Identity Responses,2017,CT,ridge,1197
0.0336343997727068,0.0394863748213756,0.0372650964253132,Not Using Identity Responses,2015,CT,ridge,1186
0.0574327735041058,0.03768756300706,0.03768756300706,Not Using Identity Responses,2017,CT,ridge,1197
