real_prop,pred_prop,pred_prop_2017,predset,year,pred_state,model,n
0.0336343997727068,0.0398724355872027,0.0398770081775337,Using Identity Responses,2015,CT,gbrt,1186
0.0574327735041058,0.0417732013832606,0.0417732013832606,Using Identity Responses,2017,CT,gbrt,1197
0.0336343997727068,0.03567013097907,0.0356772102851106,Not Using Identity Responses,2015,CT,gbrt,1186
0.0574327735041058,0.0367879214974905,0.0367879214974905,Not Using Identity Responses,2017,CT,gbrt,1197
