real_prop,pred_prop,pred_prop_2017,predset,year,pred_state,model,n
0.0539936985147831,0.0529183191714535,0.0517246608860961,Using Identity Responses,2015,WV,ridge,795
0.0507547437343137,0.0491359701177482,0.0491359701177482,Using Identity Responses,2017,WV,ridge,779
0.0539936985147831,0.0500002851426015,0.0488066268572441,Not Using Identity Responses,2015,WV,ridge,795
0.0507547437343137,0.0472529697256709,0.0472529697256709,Not Using Identity Responses,2017,WV,ridge,779
