real_prop,pred_prop,pred_prop_2017,predset,year,pred_state,model,n
0.0338760189384786,0.0381322152071931,0.0386629479006545,Using Identity Responses,2013,DE,ridge,1310
0.0332441154965651,0.0479538153819216,0.0473209607724824,Using Identity Responses,2015,DE,ridge,1335
0.041897384903805,0.0285742752120714,0.0285742752120714,Using Identity Responses,2017,DE,ridge,1387
0.0338760189384786,0.0422765683119515,0.0428073010054129,Not Using Identity Responses,2013,DE,ridge,1310
0.0332441154965651,0.0492595297463553,0.0486266751369162,Not Using Identity Responses,2015,DE,ridge,1335
0.041897384903805,0.0297399547119352,0.0297399547119352,Not Using Identity Responses,2017,DE,ridge,1387
