real_prop,pred_prop,pred_prop_2017,predset,year,pred_state,model,n
0.0338760189384786,0.0365539513927323,0.0365539513927323,Using Identity Responses,2013,DE,lasso,1310
0.0332441154965651,0.0421973509284717,0.0421973509284717,Using Identity Responses,2015,DE,lasso,1335
0.041897384903805,0.0336199217737985,0.0336199217737985,Using Identity Responses,2017,DE,lasso,1387
0.0338760189384786,0.0428463883401151,0.0428463883401151,Not Using Identity Responses,2013,DE,lasso,1310
0.0332441154965651,0.0451746958277686,0.0451746958277686,Not Using Identity Responses,2015,DE,lasso,1335
0.041897384903805,0.0364069493910233,0.0364069493910233,Not Using Identity Responses,2017,DE,lasso,1387
