real_prop,pred_prop,pred_prop_2017,predset,year,pred_state,model,n
0.0573797749157556,0.043592033056559,0.043592033056559,Using Identity Responses,2015,AR,lassolog,1348
0.0568098506161409,0.043592033056559,0.043592033056559,Using Identity Responses,2017,AR,lassolog,822
0.0573797749157556,0.043592033056559,0.043592033056559,Not Using Identity Responses,2015,AR,lassolog,1348
0.0568098506161409,0.043592033056559,0.043592033056559,Not Using Identity Responses,2017,AR,lassolog,822
