real_prop,pred_prop,pred_prop_2017,predset,year,pred_state,model,n
0.0353830356398709,0.0330204058990366,0.0329205680162858,Using Identity Responses,2015,MA,gbrt,1542
0.0498931739393917,0.0339412030537998,0.0339412030537998,Using Identity Responses,2017,MA,gbrt,1642
0.0353830356398709,0.0345661514813752,0.0345652168237436,Not Using Identity Responses,2015,MA,gbrt,1542
0.0498931739393917,0.0331813589047871,0.0331813589047871,Not Using Identity Responses,2017,MA,gbrt,1642
