real_prop,pred_prop,pred_prop_2017,predset,year,pred_state,model,n
0.0323266133968375,0.0405302915629985,0.0405974982799483,Using Identity Responses,2015,VT,ridgelog,10476
0.0371973252663913,0.051066170520793,0.051066170520793,Using Identity Responses,2017,VT,ridgelog,10334
0.0323266133968375,0.0407855664894396,0.0408637490428671,Not Using Identity Responses,2015,VT,ridgelog,10476
0.0371973252663913,0.050701221055116,0.050701221055116,Not Using Identity Responses,2017,VT,ridgelog,10334
