real_prop,pred_prop,pred_prop_2017,predset,year,pred_state,model,n
0.0526209321380296,0.0431647603615093,0.0431647603615093,Using Identity Responses,2013,HI,lassolog,2160
0.0486246950792213,0.0431647603615093,0.0431647603615093,Using Identity Responses,2015,HI,lassolog,3009
0.0515936463268641,0.0431647603615093,0.0431647603615093,Using Identity Responses,2017,HI,lassolog,2942
0.0526209321380296,0.0431647603615093,0.0431647603615093,Not Using Identity Responses,2013,HI,lassolog,2160
0.0486246950792213,0.0431647603615093,0.0431647603615093,Not Using Identity Responses,2015,HI,lassolog,3009
0.0515936463268641,0.0431647603615093,0.0431647603615093,Not Using Identity Responses,2017,HI,lassolog,2942
