real_prop,pred_prop,pred_prop_2017,predset,year,pred_state,model,n
0.0323266133968375,0.0390523138810846,0.0390510831029713,Using Identity Responses,2015,VT,gbrt,10476
0.0371973252663913,0.0448771179401395,0.0448771179401395,Using Identity Responses,2017,VT,gbrt,10334
0.0323266133968375,0.0357850978342642,0.0357833755175377,Not Using Identity Responses,2015,VT,gbrt,10476
0.0371973252663913,0.045259820512853,0.045259820512853,Not Using Identity Responses,2017,VT,gbrt,10334
