real_prop,pred_prop,pred_prop_2017,predset,year,pred_state,model,n
0.0302607378753822,0.04319009261851,0.0431327559992743,Using Identity Responses,2013,NH,rf,761
0.0326681613261769,0.0429422990959097,0.0429422990959097,Using Identity Responses,2017,NH,rf,5986
0.0302607378753822,0.0394538013984188,0.0394177504255506,Not Using Identity Responses,2013,NH,rf,761
0.0326681613261769,0.0323746533702133,0.0323746533702133,Not Using Identity Responses,2017,NH,rf,5986
