real_prop,pred_prop,pred_prop_2017,predset,year,pred_state,model,n
0.0302607378753822,0.0432502430367316,0.0432502430367316,Using Identity Responses,2013,NH,lasso,761
0.0326681613261769,0.0362956797804188,0.0362956797804188,Using Identity Responses,2017,NH,lasso,5986
0.0302607378753822,0.0498358792577893,0.0498358792577893,Not Using Identity Responses,2013,NH,lasso,761
0.0326681613261769,0.0370812116256766,0.0370812116256766,Not Using Identity Responses,2017,NH,lasso,5986
