real_prop,pred_prop,pred_prop_2017,predset,year,pred_state,model,n
0.0526209321380296,0.0389866369134518,0.0389606549833273,Using Identity Responses,2013,HI,logit,2160
0.0486246950792213,0.0530647420534511,0.0513396904966596,Using Identity Responses,2015,HI,logit,3009
0.0515936463268641,0.0758543174869524,0.0758543174869524,Using Identity Responses,2017,HI,logit,2942
0.0526209321380296,0.0428607103042032,0.0428256031606865,Not Using Identity Responses,2013,HI,logit,2160
0.0486246950792213,0.0515001668979372,0.0493349057994484,Not Using Identity Responses,2015,HI,logit,3009
0.0515936463268641,0.0732735696185853,0.0732735696185853,Not Using Identity Responses,2017,HI,logit,2942
