real_prop,pred_prop,pred_prop_2017,predset,year,pred_state,model,n
0.0435426718639301,0.052850376340279,0.0520663256438328,Using Identity Responses,2015,MD,ridgelog,27127
0.0435426718639301,0.0415840569577639,0.0407994543868851,Not Using Identity Responses,2015,MD,ridgelog,27127
