real_prop,pred_prop,pred_prop_2017,predset,year,pred_state,model,n
0.0559368850679292,0.0431539787266646,0.0431784798901277,Using Identity Responses,2015,NY,ridge,5114
0.0393244920558438,0.0563111167644167,0.0563111167644167,Using Identity Responses,2017,NY,ridge,5390
0.0559368850679292,0.0400806728850304,0.0401051740484935,Not Using Identity Responses,2015,NY,ridge,5114
0.0393244920558438,0.0448995380671841,0.0448995380671841,Not Using Identity Responses,2017,NY,ridge,5390
