real_prop,pred_prop,pred_prop_2017,predset,year,pred_state,model,n
0.0329439253985254,0.0386730096923275,0.0386730096923275,Using Identity Responses,2013,FL,lassolog,2962
0.0392121055217614,0.0384465437625825,0.0384465437625825,Using Identity Responses,2015,FL,lassolog,3081
0.0397741115667317,0.0397604740103056,0.0397604740103056,Using Identity Responses,2017,FL,lassolog,2937
0.0329439253985254,0.0423783489561049,0.0423783489561049,Not Using Identity Responses,2013,FL,lassolog,2962
0.0392121055217614,0.0377650991976206,0.0377650991976206,Not Using Identity Responses,2015,FL,lassolog,3081
0.0397741115667317,0.0372724596597372,0.0372724596597372,Not Using Identity Responses,2017,FL,lassolog,2937
