real_prop,pred_prop,pred_prop_2017,predset,year,pred_state,model,n
0.0338760189384786,0.0348690961154049,0.0348690961154049,Using Identity Responses,2013,DE,lassolog,1310
0.0332441154965651,0.0377974285621425,0.0377974285621425,Using Identity Responses,2015,DE,lassolog,1335
0.041897384903805,0.0370440046687171,0.0370440046687171,Using Identity Responses,2017,DE,lassolog,1387
0.0338760189384786,0.0411531039260088,0.0411531039260088,Not Using Identity Responses,2013,DE,lassolog,1310
0.0332441154965651,0.0425628742461664,0.0425628742461664,Not Using Identity Responses,2015,DE,lassolog,1335
0.041897384903805,0.0374547670385305,0.0374547670385305,Not Using Identity Responses,2017,DE,lassolog,1387
