real_prop,pred_prop,pred_prop_2017,predset,year,pred_state,model,n
0.0490574347807898,0.0542427348766329,0.0541465611898112,Using Identity Responses,2015,IN,ridgelog,904
0.0490574347807898,0.0375718119417488,0.0374824046814239,Not Using Identity Responses,2015,IN,ridgelog,904
