real_prop,pred_prop,pred_prop_2017,predset,year,pred_state,model,n
0.0235657543319508,0.0189096327477651,0.0178780344906603,Using Identity Responses,2015,OK,ridge,831
0.0287410460414176,0.022707219907102,0.022707219907102,Using Identity Responses,2017,OK,ridge,808
0.0235657543319508,0.024608588147826,0.0235769898907211,Not Using Identity Responses,2015,OK,ridge,831
0.0287410460414176,0.02504833699196,0.02504833699196,Not Using Identity Responses,2017,OK,ridge,808
