real_prop,pred_prop,pred_prop_2017,predset,year,pred_state,model,n
0.0511845573185834,0.157136481621488,0.164082213579776,Using Identity Responses,2013,IL,ols,1522
0.0567389968190433,0.058373745453565,0.0543906441122204,Using Identity Responses,2015,IL,ols,1634
0.0474918238932384,0.0648663226131485,0.0648663226131485,Using Identity Responses,2017,IL,ols,2388
0.0511845573185834,0.157749439024543,0.164695170982832,Not Using Identity Responses,2013,IL,ols,1522
0.0567389968190433,0.0543227795478861,0.0503396782065415,Not Using Identity Responses,2015,IL,ols,1634
0.0474918238932384,0.0649326475725389,0.0649326475725389,Not Using Identity Responses,2017,IL,ols,2388
