real_prop,pred_prop,pred_prop_2017,predset,year,pred_state,model,n
0.0451025589617144,0.0503717018989846,0.0503717018989846,Using Identity Responses,2017,TX,ols,980
0.0451025589617144,0.0480635510206968,0.0480635510206968,Not Using Identity Responses,2017,TX,ols,980
