real_prop,pred_prop,pred_prop_2017,predset,year,pred_state,model,n
0.0328740767270927,0.0209523702339827,0.0209523702339827,Using Identity Responses,2017,IA,ols,861
0.0328740767270927,0.0242903242371338,0.0242903242371338,Not Using Identity Responses,2017,IA,ols,861
