real_prop,pred_prop,pred_prop_2017,predset,year,pred_state,model,n
0.0559368850679292,0.0438352860096488,0.0438352860096488,Using Identity Responses,2015,NY,lassolog,5114
0.0393244920558438,0.0438352860096488,0.0438352860096488,Using Identity Responses,2017,NY,lassolog,5390
0.0559368850679292,0.0438352860096488,0.0438352860096488,Not Using Identity Responses,2015,NY,lassolog,5114
0.0393244920558438,0.0438352860096488,0.0438352860096488,Not Using Identity Responses,2017,NY,lassolog,5390
