real_prop,pred_prop,pred_prop_2017,predset,year,pred_state,model,n
0.043805834125189,0.0427379489536844,0.0427379489536844,Using Identity Responses,2015,NV,lasso,705
0.0407495127719501,0.0363896843436648,0.0363896843436648,Using Identity Responses,2017,NV,lasso,848
0.043805834125189,0.0451583688703363,0.0451583688703363,Not Using Identity Responses,2015,NV,lasso,705
0.0407495127719501,0.0366030928772339,0.0366030928772339,Not Using Identity Responses,2017,NV,lasso,848
