real_prop,pred_prop,pred_prop_2017,predset,year,pred_state,model,n
0.0483938724736262,0.0459428370364185,0.0459428370364185,Using Identity Responses,2015,WY,lasso,1206
0.0483938724736262,0.0461176661577792,0.0461176661577792,Not Using Identity Responses,2015,WY,lasso,1206
