real_prop,pred_prop,pred_prop_2017,predset,year,pred_state,model,n
0.0718210335744726,0.0573267923400286,0.0573267923400286,Using Identity Responses,2017,SC,ridgelog,692
0.0718210335744726,0.0430803149152189,0.0430803149152189,Not Using Identity Responses,2017,SC,ridgelog,692
