real_prop,pred_prop,pred_prop_2017,predset,year,pred_state,model,n
0.0353830356398709,0.0304244789863374,0.0304244789863374,Using Identity Responses,2015,MA,lassolog,1542
0.0498931739393917,0.0366830219942763,0.0366830219942763,Using Identity Responses,2017,MA,lassolog,1642
0.0353830356398709,0.0340213801240586,0.0340213801240586,Not Using Identity Responses,2015,MA,lassolog,1542
0.0498931739393917,0.0366636486726594,0.0366636486726594,Not Using Identity Responses,2017,MA,lassolog,1642
