real_prop,pred_prop,pred_prop_2017,predset,year,pred_state,model,n
0.0470585688484506,0.0311715879203187,0.0312988616216575,Using Identity Responses,2013,RI,ridgelog,1158
0.0444174039991978,0.057696708828304,0.0574140120769556,Using Identity Responses,2015,RI,ridgelog,1693
0.0484679210890653,0.0483143504385043,0.0483143504385043,Using Identity Responses,2017,RI,ridgelog,1070
0.0470585688484506,0.0260468760865167,0.0261800648222432,Not Using Identity Responses,2013,RI,ridgelog,1158
0.0444174039991978,0.0480480841649033,0.0477398626859786,Not Using Identity Responses,2015,RI,ridgelog,1693
0.0484679210890653,0.0417360945257786,0.0417360945257786,Not Using Identity Responses,2017,RI,ridgelog,1070
