real_prop,pred_prop,pred_prop_2017,predset,year,pred_state,model,n
0.0328740767270927,0.036786749410462,0.036786749410462,Using Identity Responses,2017,IA,ridgelog,861
0.0328740767270927,0.0301023638203391,0.0301023638203391,Not Using Identity Responses,2017,IA,ridgelog,861
