real_prop,pred_prop,pred_prop_2017,predset,year,pred_state,model,n
0.0374483483610843,0.0438784465302301,0.0439445980132203,Not Using Identity Responses,2013,KY,rf,835
0.0353357958787894,0.0465578800427505,0.046540043643931,Using Identity Responses,2015,KY,rf,1239
0.0307737712614536,0.0512996059112419,0.0512996059112419,Using Identity Responses,2017,KY,rf,961
0.0353357958787894,0.0427360230206262,0.0427421332500651,Not Using Identity Responses,2015,KY,rf,1239
0.0307737712614536,0.0409665092823323,0.0409665092823323,Not Using Identity Responses,2017,KY,rf,961
