real_prop,pred_prop,pred_prop_2017,predset,year,pred_state,model,n
0.0422142028666438,0.0478228504774518,0.0477916322273947,Using Identity Responses,2013,MI,rf,2130
0.0370876970274294,0.0477503890222489,0.0477284954808302,Using Identity Responses,2015,MI,rf,2255
0.0535917083807907,0.0580977366752599,0.0580977366752599,Using Identity Responses,2017,MI,rf,815
0.0422142028666438,0.0404352973315311,0.0404270452351839,Not Using Identity Responses,2013,MI,rf,2130
0.0370876970274294,0.0417817165892163,0.0417749578126581,Not Using Identity Responses,2015,MI,rf,2255
0.0535917083807907,0.0463741843689868,0.0463741843689868,Not Using Identity Responses,2017,MI,rf,815
