real_prop,pred_prop,pred_prop_2017,predset,year,pred_state,model,n
0.0525821367759171,0.043023157359977,0.043023157359977,Using Identity Responses,2013,ME,lassolog,4432
0.0483270885840694,0.043023157359977,0.043023157359977,Using Identity Responses,2015,ME,lassolog,4771
0.0558275074987893,0.0430231573599769,0.0430231573599769,Using Identity Responses,2017,ME,lassolog,4675
0.0525821367759171,0.043023157359977,0.043023157359977,Not Using Identity Responses,2013,ME,lassolog,4432
0.0483270885840694,0.043023157359977,0.043023157359977,Not Using Identity Responses,2015,ME,lassolog,4771
0.0558275074987893,0.0430231573599769,0.0430231573599769,Not Using Identity Responses,2017,ME,lassolog,4675
