real_prop,pred_prop,pred_prop_2017,predset,year,pred_state,model,n
0.0284471954150905,0.0441342573062163,0.0441342573062163,Using Identity Responses,2017,NE,lassolog,717
0.0284471954150905,0.0387933945197418,0.0387933945197418,Not Using Identity Responses,2017,NE,lassolog,717
