real_prop,pred_prop,pred_prop_2017,predset,year,pred_state,model,n
0.0235657543319508,0.0272699883973532,0.0271708247044301,Using Identity Responses,2015,OK,ridgelog,831
0.0287410460414176,0.030083879666643,0.030083879666643,Using Identity Responses,2017,OK,ridgelog,808
0.0235657543319508,0.0277194677428546,0.02760450718293,Not Using Identity Responses,2015,OK,ridgelog,831
0.0287410460414176,0.0278966442169093,0.0278966442169093,Not Using Identity Responses,2017,OK,ridgelog,808
