real_prop,pred_prop,pred_prop_2017,predset,year,pred_state,model,n
0.0323266133968375,0.0434355775986777,0.0435152752414133,Using Identity Responses,2015,VT,rf,10476
0.0371973252663913,0.0540170241602542,0.0540170241602542,Using Identity Responses,2017,VT,rf,10334
0.0323266133968375,0.0336158888055487,0.0336394207981535,Not Using Identity Responses,2015,VT,rf,10476
0.0371973252663913,0.0423566923611709,0.0423566923611709,Not Using Identity Responses,2017,VT,rf,10334
