real_prop,pred_prop,pred_prop_2017,predset,year,pred_state,model,n
0.0302607378753822,0.0488296733323807,0.0493959100438602,Using Identity Responses,2013,NH,ridge,761
0.0326681613261769,0.0336062808195187,0.0336062808195187,Using Identity Responses,2017,NH,ridge,5986
0.0302607378753822,0.0531589051362684,0.0537251418477478,Not Using Identity Responses,2013,NH,ridge,761
0.0326681613261769,0.0330221638114095,0.0330221638114095,Not Using Identity Responses,2017,NH,ridge,5986
