real_prop,pred_prop,pred_prop_2017,predset,year,pred_state,model,n
0.0336343997727068,0.0445498114333773,0.0445498114333773,Using Identity Responses,2015,CT,lasso,1186
0.0574327735041058,0.0434122160851364,0.0434122160851364,Using Identity Responses,2017,CT,lasso,1197
0.0336343997727068,0.0382313222187225,0.0382313222187225,Not Using Identity Responses,2015,CT,lasso,1186
0.0574327735041058,0.038324335793141,0.038324335793141,Not Using Identity Responses,2017,CT,lasso,1197
