real_prop,pred_prop,pred_prop_2017,predset,year,pred_state,model,n
0.0329439253985254,0.0393335956239036,0.0393329328734557,Using Identity Responses,2013,FL,gbrt,2962
0.0392121055217614,0.0393975780480128,0.0392959431839124,Using Identity Responses,2015,FL,gbrt,3081
0.0397741115667317,0.0408783693038785,0.0408783693038785,Using Identity Responses,2017,FL,gbrt,2937
0.0329439253985254,0.0407815560573197,0.0407804603882842,Not Using Identity Responses,2013,FL,gbrt,2962
0.0392121055217614,0.037250454539631,0.0372658509022702,Not Using Identity Responses,2015,FL,gbrt,3081
0.0397741115667317,0.0384786687220893,0.0384786687220893,Not Using Identity Responses,2017,FL,gbrt,2937
