real_prop,pred_prop,pred_prop_2017,predset,year,pred_state,model,n
0.0302607378753822,0.0410857861007647,0.0410650115506587,Using Identity Responses,2013,NH,gbrt,761
0.0326681613261769,0.0387441341523957,0.0387441341523957,Using Identity Responses,2017,NH,gbrt,5986
0.0302607378753822,0.0505952062539668,0.0505916574487945,Not Using Identity Responses,2013,NH,gbrt,761
0.0326681613261769,0.0344840110164207,0.0344840110164207,Not Using Identity Responses,2017,NH,gbrt,5986
