real_prop,pred_prop,pred_prop_2017,predset,year,pred_state,model,n
0.0435426718639301,0.0508141433189406,0.0509321721204534,Using Identity Responses,2015,MD,rf,27127
0.0435426718639301,0.0368709380093318,0.0369247570370299,Not Using Identity Responses,2015,MD,rf,27127
