real_prop,pred_prop,pred_prop_2017,predset,year,pred_state,model,n
0.0559368850679292,0.0494996827029239,0.0494382227814369,Using Identity Responses,2015,NY,rf,5114
0.0393244920558438,0.049710068824914,0.049710068824914,Using Identity Responses,2017,NY,rf,5390
0.0559368850679292,0.0406899633063552,0.0404598643474438,Not Using Identity Responses,2015,NY,rf,5114
0.0393244920558438,0.0392789111604417,0.0392789111604417,Not Using Identity Responses,2017,NY,rf,5390
