real_prop,pred_prop,pred_prop_2017,predset,year,pred_state,model,n
0.0525821367759171,0.000789372630454385,-0.00105632807178311,Using Identity Responses,2013,ME,ols,4432
0.0483270885840694,-0.019578401802251,-0.0210011273338417,Using Identity Responses,2015,ME,ols,4771
0.0558275074987893,-0.00809332988927635,-0.00809332988927635,Using Identity Responses,2017,ME,ols,4675
0.0525821367759171,0.0080538742322353,0.00620817352999781,Not Using Identity Responses,2013,ME,ols,4432
0.0483270885840694,-0.0170047212024739,-0.0184274467340646,Not Using Identity Responses,2015,ME,ols,4771
0.0558275074987893,-0.0104308407470915,-0.0104308407470915,Not Using Identity Responses,2017,ME,ols,4675
