real_prop,pred_prop,pred_prop_2017,predset,year,pred_state,model,n
0.0260992083062037,0.0342466967731894,0.0341541930129253,Using Identity Responses,2013,NC,ridgelog,902
0.0467236357467239,0.0470703923968287,0.0472069329941354,Using Identity Responses,2015,NC,ridgelog,3066
0.0506241620115915,0.0506821520858951,0.0506821520858951,Using Identity Responses,2017,NC,ridgelog,1484
0.0260992083062037,0.0368066125292216,0.0366959812237199,Not Using Identity Responses,2013,NC,ridgelog,902
0.0467236357467239,0.0427143007942599,0.042864059073158,Not Using Identity Responses,2015,NC,ridgelog,3066
0.0506241620115915,0.0397889986436322,0.0397889986436322,Not Using Identity Responses,2017,NC,ridgelog,1484
