real_prop,pred_prop,pred_prop_2017,predset,year,pred_state,model,n
0.0526209321380296,0.0539899005426024,0.0542483998523702,Using Identity Responses,2013,HI,ridgelog,2160
0.0486246950792213,0.0671870326825597,0.0671198564378522,Using Identity Responses,2015,HI,ridgelog,3009
0.0515936463268641,0.0771540665931949,0.0771540665931949,Using Identity Responses,2017,HI,ridgelog,2942
0.0526209321380296,0.0528066342709948,0.0531031222779564,Not Using Identity Responses,2013,HI,ridgelog,2160
0.0486246950792213,0.0589110156414943,0.0588378213814335,Not Using Identity Responses,2015,HI,ridgelog,3009
0.0515936463268641,0.0638942169679112,0.0638942169679112,Not Using Identity Responses,2017,HI,ridgelog,2942
