real_prop,pred_prop,pred_prop_2017,predset,year,pred_state,model,n
0.043805834125189,0.0495214292324201,0.0495218287468565,Using Identity Responses,2015,NV,rf,705
0.0407495127719501,0.0464957889247575,0.0464957889247575,Using Identity Responses,2017,NV,rf,848
0.043805834125189,0.0405353420481432,0.0406204089454818,Not Using Identity Responses,2015,NV,rf,705
0.0407495127719501,0.0383948478038092,0.0383948478038092,Not Using Identity Responses,2017,NV,rf,848
