real_prop,pred_prop,pred_prop_2017,predset,year,pred_state,model,n
0.043805834125189,0.0504253756201922,0.0502429600258495,Using Identity Responses,2015,NV,ridgelog,705
0.0407495127719501,0.0443836086613691,0.0443836086613691,Using Identity Responses,2017,NV,ridgelog,848
0.043805834125189,0.0462028644546202,0.0459912236670468,Not Using Identity Responses,2015,NV,ridgelog,705
0.0407495127719501,0.0428074298954347,0.0428074298954347,Not Using Identity Responses,2017,NV,ridgelog,848
