real_prop,pred_prop,pred_prop_2017,predset,year,pred_state,model,n
0.0302607378753822,0.0479693661049038,0.048171054819059,Using Identity Responses,2013,NH,ridgelog,761
0.0326681613261769,0.0371994230975127,0.0371994230975127,Using Identity Responses,2017,NH,ridgelog,5986
0.0302607378753822,0.0522580469215783,0.0524984982384622,Not Using Identity Responses,2013,NH,ridgelog,761
0.0326681613261769,0.0329066952676476,0.0329066952676476,Not Using Identity Responses,2017,NH,ridgelog,5986
