real_prop,pred_prop,pred_prop_2017,predset,year,pred_state,model,n
0.0374483483610843,0.0389614466480099,0.0389614466480099,Not Using Identity Responses,2013,KY,lasso,835
0.0353357958787894,0.0350272274467327,0.0350272274467327,Using Identity Responses,2015,KY,lasso,1239
0.0307737712614536,0.040650897295187,0.040650897295187,Using Identity Responses,2017,KY,lasso,961
0.0353357958787894,0.0387759775892989,0.0387759775892989,Not Using Identity Responses,2015,KY,lasso,1239
0.0307737712614536,0.0394782546802205,0.0394782546802205,Not Using Identity Responses,2017,KY,lasso,961
