real_prop,pred_prop,pred_prop_2017,predset,year,pred_state,model,n
0.0329439253985254,0.0250251478261998,0.0251477852113964,Using Identity Responses,2013,FL,ridgelog,2962
0.0392121055217614,0.0253515237015368,0.0254597796301549,Using Identity Responses,2015,FL,ridgelog,3081
0.0397741115667317,0.0307416875056139,0.0307416875056139,Using Identity Responses,2017,FL,ridgelog,2937
0.0329439253985254,0.0220949398045878,0.0222256201763063,Not Using Identity Responses,2013,FL,ridgelog,2962
0.0392121055217614,0.0206061013678095,0.0207151651736166,Not Using Identity Responses,2015,FL,ridgelog,3081
0.0397741115667317,0.0250962691417584,0.0250962691417584,Not Using Identity Responses,2017,FL,ridgelog,2937
