real_prop,pred_prop,pred_prop_2017,predset,year,pred_state,model,n
0.0525821367759171,0.0369665418662311,0.0369665418662311,Using Identity Responses,2013,ME,gbrt,4432
0.0483270885840694,0.037384181623882,0.0373100665612336,Using Identity Responses,2015,ME,gbrt,4771
0.0558275074987893,0.0415812742265037,0.0415812742265037,Using Identity Responses,2017,ME,gbrt,4675
0.0525821367759171,0.0383236652635988,0.0383236652635988,Not Using Identity Responses,2013,ME,gbrt,4432
0.0483270885840694,0.0345644874727224,0.0344094967516678,Not Using Identity Responses,2015,ME,gbrt,4771
0.0558275074987893,0.0360328919821833,0.0360328919821833,Not Using Identity Responses,2017,ME,gbrt,4675
