real_prop,pred_prop,pred_prop_2017,predset,year,pred_state,model,n
0.0422142028666438,0.0432018934658676,0.0432520633547043,Using Identity Responses,2013,MI,logit,2130
0.0370876970274294,0.052727401045405,0.0502907347357191,Using Identity Responses,2015,MI,logit,2255
0.0535917083807907,0.0557697368796207,0.0557697368796207,Using Identity Responses,2017,MI,logit,815
0.0422142028666438,0.0509517445108884,0.0510261171542707,Not Using Identity Responses,2013,MI,logit,2130
0.0370876970274294,0.0587594909689589,0.0553083354607298,Not Using Identity Responses,2015,MI,logit,2255
0.0535917083807907,0.0527944957406877,0.0527944957406877,Not Using Identity Responses,2017,MI,logit,815
