real_prop,pred_prop,pred_prop_2017,predset,year,pred_state,model,n
0.0275063113485452,0.0320753127355125,0.0320123103961792,Using Identity Responses,2015,CA,gbrt,929
0.0450759894837462,0.0418214545940055,0.0418214545940055,Using Identity Responses,2017,CA,gbrt,896
0.0275063113485452,0.0292322489326743,0.0292360481765702,Not Using Identity Responses,2015,CA,gbrt,929
0.0450759894837462,0.0451951335773347,0.0451951335773347,Not Using Identity Responses,2017,CA,gbrt,896
