real_prop,pred_prop,pred_prop_2017,predset,year,pred_state,model,n
0.0329439253985254,0.0357334172350382,0.0357334172350382,Using Identity Responses,2013,FL,lasso,2962
0.0392121055217614,0.0350677024746995,0.0350677024746995,Using Identity Responses,2015,FL,lasso,3081
0.0397741115667317,0.0357603901119853,0.0357603901119853,Using Identity Responses,2017,FL,lasso,2937
0.0329439253985254,0.041402687340181,0.041402687340181,Not Using Identity Responses,2013,FL,lasso,2962
0.0392121055217614,0.0374923344307196,0.0374923344307196,Not Using Identity Responses,2015,FL,lasso,3081
0.0397741115667317,0.0350150481281262,0.0350150481281262,Not Using Identity Responses,2017,FL,lasso,2937
