real_prop,pred_prop,pred_prop_2017,predset,year,pred_state,model,n
0.0338760189384786,0.0399112134703472,0.0400847361841746,Using Identity Responses,2013,DE,ridgelog,1310
0.0332441154965651,0.0440367680895892,0.0440826534675676,Using Identity Responses,2015,DE,ridgelog,1335
0.041897384903805,0.0375054155900665,0.0375054155900665,Using Identity Responses,2017,DE,ridgelog,1387
0.0338760189384786,0.0414980761132013,0.0417083233583422,Not Using Identity Responses,2013,DE,ridgelog,1310
0.0332441154965651,0.0443447359078016,0.0443977418896568,Not Using Identity Responses,2015,DE,ridgelog,1335
0.041897384903805,0.0334844435503593,0.0334844435503593,Not Using Identity Responses,2017,DE,ridgelog,1387
