real_prop,pred_prop,pred_prop_2017,predset,year,pred_state,model,n
0.0483938724736262,0.050518806377543,0.04427941276949,Using Identity Responses,2015,WY,ols,1206
0.0483938724736262,0.0526252775986052,0.0463858839905522,Not Using Identity Responses,2015,WY,ols,1206
