real_prop,pred_prop,pred_prop_2017,predset,year,pred_state,model,n
0.0559368850679292,0.0378517966848212,0.0382428543209704,Using Identity Responses,2015,NY,ridgelog,5114
0.0393244920558438,0.0501559685630509,0.0501559685630509,Using Identity Responses,2017,NY,ridgelog,5390
0.0559368850679292,0.0304233750012987,0.0308091342608225,Not Using Identity Responses,2015,NY,ridgelog,5114
0.0393244920558438,0.0347222274722147,0.0347222274722147,Not Using Identity Responses,2017,NY,ridgelog,5390
