real_prop,pred_prop,pred_prop_2017,predset,year,pred_state,model,n
0.0513727416438948,0.0313151433140316,0.0280741291501211,Using Identity Responses,2015,NM,ols,4021
0.054749314660057,0.0556970158693286,0.0556970158693286,Using Identity Responses,2017,NM,ols,2841
0.0513727416438948,0.0269957104598906,0.0237546962959801,Not Using Identity Responses,2015,NM,ols,4021
0.054749314660057,0.0540075869385089,0.0540075869385089,Not Using Identity Responses,2017,NM,ols,2841
