real_prop,pred_prop,pred_prop_2017,predset,year,pred_state,model,n
0.0718210335744726,0.0532812733908071,0.0532812733908071,Using Identity Responses,2017,SC,lasso,692
0.0718210335744726,0.0428845484410433,0.0428845484410433,Not Using Identity Responses,2017,SC,lasso,692
