real_prop,pred_prop,pred_prop_2017,predset,year,pred_state,model,n
0.0387158925860245,0.0375276130584894,0.0356553467173753,Using Identity Responses,2015,PA,ridge,1448
0.0324504982182546,0.0527016976096518,0.0527016976096518,Using Identity Responses,2017,PA,ridge,1876
0.0387158925860245,0.0372803311747871,0.035408064833673,Not Using Identity Responses,2015,PA,ridge,1448
0.0324504982182546,0.0520325500870999,0.0520325500870999,Not Using Identity Responses,2017,PA,ridge,1876
