real_prop,pred_prop,pred_prop_2017,predset,year,pred_state,model,n
0.0336343997727068,0.0414699607681722,0.0414699607681722,Using Identity Responses,2015,CT,lassolog,1186
0.0574327735041058,0.0433634844110366,0.0433634844110366,Using Identity Responses,2017,CT,lassolog,1197
0.0336343997727068,0.0372178852460387,0.0372178852460387,Not Using Identity Responses,2015,CT,lassolog,1186
0.0574327735041058,0.0371401975363621,0.0371401975363621,Not Using Identity Responses,2017,CT,lassolog,1197
