real_prop,pred_prop,pred_prop_2017,predset,year,pred_state,model,n
0.0559368850679292,0.0243965475375382,0.0247995498351932,Using Identity Responses,2015,NY,ols,5114
0.0393244920558438,0.0496862145616329,0.0496862145616329,Using Identity Responses,2017,NY,ols,5390
0.0559368850679292,0.0241999271603187,0.0246029294579737,Not Using Identity Responses,2015,NY,ols,5114
0.0393244920558438,0.0395581615783696,0.0395581615783696,Not Using Identity Responses,2017,NY,ols,5390
