real_prop,pred_prop,pred_prop_2017,predset,year,pred_state,model,n
0.0323266133968375,0.10286594143453,0.0918154249201077,Using Identity Responses,2015,VT,ols,10476
0.0371973252663913,0.0546140670903461,0.0546140670903461,Using Identity Responses,2017,VT,ols,10334
0.0323266133968375,0.107805386814595,0.0967548703001723,Not Using Identity Responses,2015,VT,ols,10476
0.0371973252663913,0.0566525437248921,0.0566525437248921,Not Using Identity Responses,2017,VT,ols,10334
