real_prop,pred_prop,pred_prop_2017,predset,year,pred_state,model,n
0.0340487130612004,0.0487801200958481,0.0483608499666858,Using Identity Responses,2013,WI,logit,1401
0.0361089342621994,0.0250898414114137,0.0250898414114137,Using Identity Responses,2017,WI,logit,1022
0.0340487130612004,0.0610767279321301,0.0604192862651108,Not Using Identity Responses,2013,WI,logit,1401
0.0361089342621994,0.0203703786524485,0.0203703786524485,Not Using Identity Responses,2017,WI,logit,1022
