real_prop,pred_prop,pred_prop_2017,predset,year,pred_state,model,n
0.0329439253985254,0.00165051866257824,0.00218535078467344,Using Identity Responses,2013,FL,ridge,2962
0.0392121055217614,-0.00066338065719856,-0.00121201174720128,Using Identity Responses,2015,FL,ridge,3081
0.0397741115667317,0.0133251975685656,0.0133251975685656,Using Identity Responses,2017,FL,ridge,2937
0.0329439253985254,0.00530009056437213,0.00583492268646733,Not Using Identity Responses,2013,FL,ridge,2962
0.0392121055217614,0.000244507360303275,-0.000304123729699442,Not Using Identity Responses,2015,FL,ridge,3081
0.0397741115667317,0.0115066328763891,0.0115066328763891,Not Using Identity Responses,2017,FL,ridge,2937
