real_prop,pred_prop,pred_prop_2017,predset,year,pred_state,model,n
0.0539936985147831,0.046738210308908,0.0467336596775351,Using Identity Responses,2015,WV,gbrt,795
0.0507547437343137,0.0441666641129128,0.0441666641129128,Using Identity Responses,2017,WV,gbrt,779
0.0539936985147831,0.0456109779997691,0.0456241093054994,Not Using Identity Responses,2015,WV,gbrt,795
0.0507547437343137,0.0453547603210469,0.0453547603210469,Not Using Identity Responses,2017,WV,gbrt,779
