real_prop,pred_prop,pred_prop_2017,predset,year,pred_state,model,n
0.0511845573185834,0.0436525389844058,0.0436525389844058,Using Identity Responses,2013,IL,lassolog,1522
0.0567389968190433,0.0436525389844058,0.0436525389844058,Using Identity Responses,2015,IL,lassolog,1634
0.0474918238932384,0.0436525389844057,0.0436525389844057,Using Identity Responses,2017,IL,lassolog,2388
0.0511845573185834,0.0436525389844058,0.0436525389844058,Not Using Identity Responses,2013,IL,lassolog,1522
0.0567389968190433,0.0436525389844058,0.0436525389844058,Not Using Identity Responses,2015,IL,lassolog,1634
0.0474918238932384,0.0436525389844057,0.0436525389844057,Not Using Identity Responses,2017,IL,lassolog,2388
