real_prop,pred_prop,pred_prop_2017,predset,year,pred_state,model,n
0.0338760189384786,0.0280246407674377,0.0279061951335072,Using Identity Responses,2013,DE,logit,1310
0.0332441154965651,0.0412664149728267,0.0401350098963806,Using Identity Responses,2015,DE,logit,1335
0.041897384903805,0.0297990222753948,0.0297990222753948,Using Identity Responses,2017,DE,logit,1387
0.0338760189384786,0.0327427975335147,0.0325678141018601,Not Using Identity Responses,2013,DE,logit,1310
0.0332441154965651,0.0487210920983075,0.0470957644780902,Not Using Identity Responses,2015,DE,logit,1335
0.041897384903805,0.0274615731589774,0.0274615731589774,Not Using Identity Responses,2017,DE,logit,1387
