real_prop,pred_prop,pred_prop_2017,predset,year,pred_state,model,n
0.0525821367759171,0.0228624717195915,0.022812355218874,Using Identity Responses,2013,ME,logit,4432
0.0483270885840694,0.0201247911101071,0.0200073105955174,Using Identity Responses,2015,ME,logit,4771
0.0558275074987893,0.023377394312326,0.023377394312326,Using Identity Responses,2017,ME,logit,4675
0.0525821367759171,0.0250260418383263,0.0249569009000514,Not Using Identity Responses,2013,ME,logit,4432
0.0483270885840694,0.0190613085927478,0.0189200878426871,Not Using Identity Responses,2015,ME,logit,4771
0.0558275074987893,0.0197954885586253,0.0197954885586253,Not Using Identity Responses,2017,ME,logit,4675
