real_prop,pred_prop,pred_prop_2017,predset,year,pred_state,model,n
0.0275063113485452,0.0341252407924206,0.0339705624230133,Using Identity Responses,2015,CA,ridgelog,929
0.0450759894837462,0.0472826241426143,0.0472826241426143,Using Identity Responses,2017,CA,ridgelog,896
0.0275063113485452,0.0339114926772165,0.0337383753366299,Not Using Identity Responses,2015,CA,ridgelog,929
0.0450759894837462,0.046158900701543,0.046158900701543,Not Using Identity Responses,2017,CA,ridgelog,896
