real_prop,pred_prop,pred_prop_2017,predset,year,pred_state,model,n
0.0260992083062037,0.0375894981685334,0.0373517905082806,Using Identity Responses,2013,NC,ridge,902
0.0467236357467239,0.0412593624423576,0.0409546116521748,Using Identity Responses,2015,NC,ridge,3066
0.0506241620115915,0.0481419962139676,0.0481419962139676,Using Identity Responses,2017,NC,ridge,1484
0.0260992083062037,0.0420405797308403,0.0418028720705875,Not Using Identity Responses,2013,NC,ridge,902
0.0467236357467239,0.0411000079826921,0.0407952571925093,Not Using Identity Responses,2015,NC,ridge,3066
0.0506241620115915,0.0443086534419634,0.0443086534419634,Not Using Identity Responses,2017,NC,ridge,1484
