real_prop,pred_prop,pred_prop_2017,predset,year,pred_state,model,n
0.043805834125189,0.0432984345417963,0.0432984345417963,Using Identity Responses,2015,NV,lassolog,705
0.0407495127719501,0.0354751620945636,0.0354751620945636,Using Identity Responses,2017,NV,lassolog,848
0.043805834125189,0.0427524263542115,0.0427524263542115,Not Using Identity Responses,2015,NV,lassolog,705
0.0407495127719501,0.0369938241898787,0.0369938241898787,Not Using Identity Responses,2017,NV,lassolog,848
