real_prop,pred_prop,pred_prop_2017,predset,year,pred_state,model,n
0.0374483483610843,0.0415923852429448,0.0415923852429448,Not Using Identity Responses,2013,KY,lassolog,835
0.0353357958787894,0.0373676400641019,0.0373676400641019,Using Identity Responses,2015,KY,lassolog,1239
0.0307737712614536,0.0424985804407261,0.0424985804407261,Using Identity Responses,2017,KY,lassolog,961
0.0353357958787894,0.0413436209489645,0.0413436209489645,Not Using Identity Responses,2015,KY,lassolog,1239
0.0307737712614536,0.039306686506943,0.039306686506943,Not Using Identity Responses,2017,KY,lassolog,961
