real_prop,pred_prop,pred_prop_2017,predset,year,pred_state,model,n
0.0718210335744726,0.0559187026981608,0.0559187026981608,Using Identity Responses,2017,SC,ridge,692
0.0718210335744726,0.0460005073982451,0.0460005073982451,Not Using Identity Responses,2017,SC,ridge,692
