real_prop,pred_prop,pred_prop_2017,predset,year,pred_state,model,n
0.0513727416438948,0.0450173012859021,0.0449767632880862,Using Identity Responses,2015,NM,gbrt,4021
0.054749314660057,0.0442672000124489,0.0442672000124489,Using Identity Responses,2017,NM,gbrt,2841
0.0513727416438948,0.0403533440259191,0.0403178567593832,Not Using Identity Responses,2015,NM,gbrt,4021
0.054749314660057,0.0440944735294786,0.0440944735294786,Not Using Identity Responses,2017,NM,gbrt,2841
