real_prop,pred_prop,pred_prop_2017,predset,year,pred_state,model,n
0.055498051699152,0.089781172821898,0.0943819843301076,Using Contact Responses,2013,NC,lassolog,1846
0.0845279193630389,0.0883715432638057,0.0927653277336331,Using Contact Responses,2015,NC,lassolog,6178
0.103833404258213,0.107558275547238,0.107558275547238,Using Contact Responses,2017,NC,lassolog,3151
0.055498051699152,0.0881982598394582,0.0933670521405375,Not Using Contact Responses,2013,NC,lassolog,1846
0.0845279193630389,0.087028592641544,0.0919768796313565,Not Using Contact Responses,2015,NC,lassolog,6178
0.103833404258213,0.105734528370015,0.105734528370015,Not Using Contact Responses,2017,NC,lassolog,3151
