real_prop,pred_prop,pred_prop_2017,predset,year,pred_state,model,n
0.062662575190245,0.0710162352942953,0.0866912620118743,Using Contact Responses,2013,DE,logit,2756
0.0797300432697131,0.0934095733293817,0.100215264200575,Using Contact Responses,2015,DE,logit,2777
0.0979863869797875,0.106315663634889,0.106315663634889,Using Contact Responses,2017,DE,logit,2906
0.062662575190245,0.0696789013859773,0.0874030240885134,Not Using Contact Responses,2013,DE,logit,2756
0.0797300432697131,0.0957617380889213,0.103394160729536,Not Using Contact Responses,2015,DE,logit,2777
0.0979863869797875,0.110804025240949,0.110804025240949,Not Using Contact Responses,2017,DE,logit,2906
