real_prop,pred_prop,pred_prop_2017,predset,year,pred_state,model,n
0.0756307522374961,0.0777997788685208,0.0868742982400907,Using Contact Responses,2015,CA,rf,1943
0.0930920308158224,0.109455445520835,0.109455445520835,Using Contact Responses,2017,CA,rf,1778
0.0756307522374961,0.0759851487322326,0.0867818443844886,Not Using Contact Responses,2015,CA,rf,1943
0.0930920308158224,0.101109987412232,0.101109987412232,Not Using Contact Responses,2017,CA,rf,1778
