real_prop,pred_prop,pred_prop_2017,predset,year,pred_state,model,n
0.0918595241935373,0.0782335223778196,0.0813826969403214,Using Contact Responses,2015,NY,lassolog,10834
0.112334567614473,0.0677462874464979,0.0677462874464979,Using Contact Responses,2017,NY,lassolog,11411
0.0918595241935373,0.0733624386473103,0.0767276967440996,Not Using Contact Responses,2015,NY,lassolog,10834
0.112334567614473,0.0637996032528666,0.0637996032528666,Not Using Contact Responses,2017,NY,lassolog,11411
