real_prop,pred_prop,pred_prop_2017,predset,year,pred_state,model,n
0.0825797937555432,0.0948124410949932,0.0986421922788848,Using Contact Responses,2015,PA,ridge,2899
0.0907675070964858,0.132452661970053,0.132452661970053,Using Contact Responses,2017,PA,ridge,3761
0.0825797937555432,0.0958802951887572,0.0997100463726488,Not Using Contact Responses,2015,PA,ridge,2899
0.0907675070964858,0.133210068893054,0.133210068893054,Not Using Contact Responses,2017,PA,ridge,3761
