real_prop,pred_prop,pred_prop_2017,predset,year,pred_state,model,n
0.0790049923461599,0.0828807282132254,0.0893945044619221,Using Contact Responses,2013,IL,ridge,3276
0.0898369956455114,0.0755952378962542,0.0801076472520229,Using Contact Responses,2015,IL,ridge,3282
0.0968481982908234,0.121195485501221,0.121195485501221,Using Contact Responses,2017,IL,ridge,5010
0.0790049923461599,0.0817522360386069,0.0882660122873036,Not Using Contact Responses,2013,IL,ridge,3276
0.0898369956455114,0.0744498600384284,0.078962269394197,Not Using Contact Responses,2015,IL,ridge,3282
0.0968481982908234,0.118626234545915,0.118626234545915,Not Using Contact Responses,2017,IL,ridge,5010
