real_prop,pred_prop,pred_prop_2017,predset,year,pred_state,model,n
0.062662575190245,0.0705222385906372,0.0764708341593283,Using Contact Responses,2013,DE,lassolog,2756
0.0797300432697131,0.0873493772089818,0.0926464331620259,Using Contact Responses,2015,DE,lassolog,2777
0.0979863869797875,0.0994451424182128,0.0994451424182128,Using Contact Responses,2017,DE,lassolog,2906
0.062662575190245,0.0682011028727879,0.0747826222865105,Not Using Contact Responses,2013,DE,lassolog,2756
0.0797300432697131,0.0880198064531338,0.093889741540837,Not Using Contact Responses,2015,DE,lassolog,2777
0.0979863869797875,0.101500394273129,0.101500394273129,Not Using Contact Responses,2017,DE,lassolog,2906
