real_prop,pred_prop,pred_prop_2017,predset,year,pred_state,model,n
0.062662575190245,0.0752271787754018,0.110500541439553,Using Contact Responses,2013,DE,ols,2756
0.0797300432697131,0.106837003352558,0.116692287718976,Using Contact Responses,2015,DE,ols,2777
0.0979863869797875,0.117430551135769,0.117430551135769,Using Contact Responses,2017,DE,ols,2906
0.062662575190245,0.0771147325249901,0.112388095189141,Not Using Contact Responses,2013,DE,ols,2756
0.0797300432697131,0.108413245706305,0.118268530072722,Not Using Contact Responses,2015,DE,ols,2777
0.0979863869797875,0.1190256859071,0.1190256859071,Not Using Contact Responses,2017,DE,ols,2906
