real_prop,pred_prop,pred_prop_2017,predset,year,pred_state,model,n
0.0838786098499776,0.0857731470406187,0.0857731470406187,Using Contact Responses,2017,IA,lassolog,1691
0.0838786098499776,0.0849083049350576,0.0849083049350576,Not Using Contact Responses,2017,IA,lassolog,1691
