real_prop,pred_prop,pred_prop_2017,predset,year,pred_state,model,n
0.0939873193167301,0.109484723338924,0.114079581460641,Using Contact Responses,2015,AR,ridgelog,2880
0.133964826333683,0.149310681782358,0.149310681782358,Using Contact Responses,2017,AR,ridgelog,1682
0.0939873193167301,0.110055552947915,0.115109106831181,Not Using Contact Responses,2015,AR,ridgelog,2880
0.133964826333683,0.149168701196986,0.149168701196986,Not Using Contact Responses,2017,AR,ridgelog,1682
