real_prop,pred_prop,pred_prop_2017,predset,year,pred_state,model,n
0.0580503324467007,0.0682931675434696,0.0743259570144996,Using Contact Responses,2015,OK,gbrt,1611
0.0951059503302818,0.0861935620972085,0.0861935620972085,Using Contact Responses,2017,OK,gbrt,1649
0.0580503324467007,0.0696964076314174,0.0768943227119685,Not Using Contact Responses,2015,OK,gbrt,1611
0.0951059503302818,0.091616317081414,0.091616317081414,Not Using Contact Responses,2017,OK,gbrt,1649
