real_prop,pred_prop,pred_prop_2017,predset,year,pred_state,model,n
0.0929028176031623,0.0895017964102143,0.0939311935047485,Using Contact Responses,2015,NV,lassolog,1452
0.130572052976703,0.105027232774032,0.105027232774032,Using Contact Responses,2017,NV,lassolog,1667
0.0929028176031623,0.0871951083986492,0.0920271155425361,Not Using Contact Responses,2015,NV,lassolog,1452
0.130572052976703,0.0976709747013977,0.0976709747013977,Not Using Contact Responses,2017,NV,lassolog,1667
