real_prop,pred_prop,pred_prop_2017,predset,year,pred_state,model,n
0.059772000513074,0.0439527281901497,0.0897998802482221,Using Contact Responses,2013,MI,ols,4266
0.0825986970076306,0.103359022217626,0.112007395082351,Using Contact Responses,2015,MI,ols,4816
0.087130996877782,0.127219816081453,0.127219816081453,Using Contact Responses,2017,MI,ols,1626
0.059772000513074,0.0465517264126066,0.092398878470679,Not Using Contact Responses,2013,MI,ols,4266
0.0825986970076306,0.103812818290744,0.112461191155468,Not Using Contact Responses,2015,MI,ols,4816
0.087130996877782,0.126443576342023,0.126443576342023,Not Using Contact Responses,2017,MI,ols,1626
