real_prop,pred_prop,pred_prop_2017,predset,year,pred_state,model,n
0.059772000513074,0.0623494502041995,0.0685213351013108,Using Contact Responses,2013,MI,lasso,4266
0.0825986970076306,0.0873214465908076,0.0890758094347531,Using Contact Responses,2015,MI,lasso,4816
0.087130996877782,0.107515197873808,0.107515197873808,Using Contact Responses,2017,MI,lasso,1626
0.059772000513074,0.0637440197109245,0.0699159046080358,Not Using Contact Responses,2013,MI,lasso,4266
0.0825986970076306,0.0865811252470149,0.0883354880909604,Not Using Contact Responses,2015,MI,lasso,4816
0.087130996877782,0.105508263039585,0.105508263039585,Not Using Contact Responses,2017,MI,lasso,1626
