real_prop,pred_prop,pred_prop_2017,predset,year,pred_state,model,n
0.0756307522374961,0.0705931192622702,0.0791094656960113,Using Contact Responses,2015,CA,gbrt,1943
0.0930920308158224,0.107828796417801,0.107828796417801,Using Contact Responses,2017,CA,gbrt,1778
0.0756307522374961,0.076365110991512,0.0868038582515456,Not Using Contact Responses,2015,CA,gbrt,1943
0.0930920308158224,0.106696069258871,0.106696069258871,Not Using Contact Responses,2017,CA,gbrt,1778
