real_prop,pred_prop,pred_prop_2017,predset,year,pred_state,model,n
0.062662575190245,0.0713158439109839,0.0756009930017483,Using Contact Responses,2013,DE,ridgelog,2756
0.0797300432697131,0.0890880731495889,0.0934612284450924,Using Contact Responses,2015,DE,ridgelog,2777
0.0979863869797875,0.104970908645636,0.104970908645636,Using Contact Responses,2017,DE,ridgelog,2906
0.062662575190245,0.0688460517963582,0.0734894011265128,Not Using Contact Responses,2013,DE,ridgelog,2756
0.0797300432697131,0.0891789467867024,0.0939283609537294,Not Using Contact Responses,2015,DE,ridgelog,2777
0.0979863869797875,0.106159151395009,0.106159151395009,Not Using Contact Responses,2017,DE,ridgelog,2906
