real_prop,pred_prop,pred_prop_2017,predset,year,pred_state,model,n
0.0580503324467007,0.0601856757975177,0.0613621634118937,Using Contact Responses,2015,OK,lasso,1611
0.0951059503302818,0.080969133644288,0.080969133644288,Using Contact Responses,2017,OK,lasso,1649
0.0580503324467007,0.0619774265256155,0.0631539141399915,Not Using Contact Responses,2015,OK,lasso,1611
0.0951059503302818,0.0791644861723703,0.0791644861723703,Not Using Contact Responses,2017,OK,lasso,1649
