real_prop,pred_prop,pred_prop_2017,predset,year,pred_state,model,n
0.0752293988706872,0.0922965708328754,0.0993914090576481,Using Contact Responses,2015,WY,rf,2424
0.0752293988706872,0.0867165975541955,0.0963181152197141,Not Using Contact Responses,2015,WY,rf,2424
