real_prop,pred_prop,pred_prop_2017,predset,year,pred_state,model,n
0.0628094724524842,0.0785345025525591,0.0831726273713509,Using Contact Responses,2013,HI,ridgelog,4631
0.0833875584898865,0.102579680987086,0.107637372712101,Using Contact Responses,2015,HI,ridgelog,6089
0.107834677635688,0.117306375220156,0.117306375220156,Using Contact Responses,2017,HI,ridgelog,6031
0.0628094724524842,0.0786168774100911,0.0836969026530943,Not Using Contact Responses,2013,HI,ridgelog,4631
0.0833875584898865,0.106599306953456,0.112162682540139,Not Using Contact Responses,2015,HI,ridgelog,6089
0.107834677635688,0.11779098456778,0.11779098456778,Not Using Contact Responses,2017,HI,ridgelog,6031
