real_prop,pred_prop,pred_prop_2017,predset,year,pred_state,model,n
0.07954842799682,0.141259072893663,0.147339648609934,Using Contact Responses,2015,VT,ols,21013
0.099859188027376,0.122087275752738,0.122087275752738,Using Contact Responses,2017,VT,ols,20653
0.07954842799682,0.142542501526831,0.148623077243101,Not Using Contact Responses,2015,VT,ols,21013
0.099859188027376,0.123164877259746,0.123164877259746,Not Using Contact Responses,2017,VT,ols,20653
