real_prop,pred_prop,pred_prop_2017,predset,year,pred_state,model,n
0.0752293988706872,0.0750366558997581,0.0803967475888315,Using Contact Responses,2015,WY,logit,2424
0.0752293988706872,0.0745222320581222,0.080506884392128,Not Using Contact Responses,2015,WY,logit,2424
