real_prop,pred_prop,pred_prop_2017,predset,year,pred_state,model,n
0.0860333838988491,0.104556920261705,0.113864141826306,Using Contact Responses,2015,CT,gbrt,2398
0.105643059437242,0.124547050952479,0.124547050952479,Using Contact Responses,2017,CT,gbrt,2425
0.0860333838988491,0.104840816878037,0.114084858397418,Not Using Contact Responses,2015,CT,gbrt,2398
0.105643059437242,0.113398157959676,0.113398157959676,Not Using Contact Responses,2017,CT,gbrt,2425
