real_prop,pred_prop,pred_prop_2017,predset,year,pred_state,model,n
0.0756307522374961,0.0678906959909155,0.0721096802607386,Using Contact Responses,2015,CA,ridge,1943
0.0930920308158224,0.117665134658698,0.117665134658698,Using Contact Responses,2017,CA,ridge,1778
0.0756307522374961,0.0705031799839045,0.0747221642537276,Not Using Contact Responses,2015,CA,ridge,1943
0.0930920308158224,0.118726980773747,0.118726980773747,Not Using Contact Responses,2017,CA,ridge,1778
