real_prop,pred_prop,pred_prop_2017,predset,year,pred_state,model,n
0.0825797937555432,0.0874036606221765,0.088385568066255,Using Contact Responses,2015,PA,lasso,2899
0.0907675070964858,0.121377537987526,0.121377537987526,Using Contact Responses,2017,PA,lasso,3761
0.0825797937555432,0.0883671931472164,0.0893491005912949,Not Using Contact Responses,2015,PA,lasso,2899
0.0907675070964858,0.122094311466225,0.122094311466225,Not Using Contact Responses,2017,PA,lasso,3761
