real_prop,pred_prop,pred_prop_2017,predset,year,pred_state,model,n
0.109772557911893,0.0998797621550594,0.109478374666021,Using Contact Responses,2015,NM,rf,8304
0.111482270437674,0.11233462055472,0.11233462055472,Using Contact Responses,2017,NM,rf,5781
0.109772557911893,0.0915595697668667,0.102791854068699,Not Using Contact Responses,2015,NM,rf,8304
0.111482270437674,0.109969646076558,0.109969646076558,Not Using Contact Responses,2017,NM,rf,5781
