real_prop,pred_prop,pred_prop_2017,predset,year,pred_state,model,n
0.055498051699152,0.0792625606394991,0.0922107680496943,Using Contact Responses,2013,NC,gbrt,1846
0.0845279193630389,0.087290703626867,0.0960778134419064,Using Contact Responses,2015,NC,gbrt,6178
0.103833404258213,0.111321368540164,0.111321368540164,Using Contact Responses,2017,NC,gbrt,3151
0.055498051699152,0.0764182612463813,0.090737960475252,Not Using Contact Responses,2013,NC,gbrt,1846
0.0845279193630389,0.0866980464963174,0.0973389924776292,Not Using Contact Responses,2015,NC,gbrt,6178
0.103833404258213,0.107366566393906,0.107366566393906,Not Using Contact Responses,2017,NC,gbrt,3151
