real_prop,pred_prop,pred_prop_2017,predset,year,pred_state,model,n
0.0929028176031623,0.0912444090478757,0.0994763817410687,Using Contact Responses,2015,NV,ols,1452
0.130572052976703,0.0776659520629399,0.0776659520629399,Using Contact Responses,2017,NV,ols,1667
0.0929028176031623,0.0891343706049563,0.0973663432981493,Not Using Contact Responses,2015,NV,ols,1452
0.130572052976703,0.071668674266771,0.071668674266771,Not Using Contact Responses,2017,NV,ols,1667
