real_prop,pred_prop,pred_prop_2017,predset,year,pred_state,model,n
0.0860333838988491,0.110266417928462,0.116973978570666,Using Contact Responses,2015,CT,lassolog,2398
0.105643059437242,0.133224500084119,0.133224500084119,Using Contact Responses,2017,CT,lassolog,2425
0.0860333838988491,0.114047015989913,0.12157082727191,Not Using Contact Responses,2015,CT,lassolog,2398
0.105643059437242,0.13129713790106,0.13129713790106,Not Using Contact Responses,2017,CT,lassolog,2425
