real_prop,pred_prop,pred_prop_2017,predset,year,pred_state,model,n
0.0790049923461599,0.109598986636955,0.147805901426692,Using Contact Responses,2013,IL,ols,3276
0.0898369956455114,0.122592351010709,0.133134286490859,Using Contact Responses,2015,IL,ols,3282
0.0968481982908234,0.128948689370208,0.128948689370208,Using Contact Responses,2017,IL,ols,5010
0.0790049923461599,0.109133130775336,0.147340045565072,Not Using Contact Responses,2013,IL,ols,3276
0.0898369956455114,0.122245620288484,0.132787555768634,Not Using Contact Responses,2015,IL,ols,3282
0.0968481982908234,0.126910737803133,0.126910737803133,Not Using Contact Responses,2017,IL,ols,5010
