real_prop,pred_prop,pred_prop_2017,predset,year,pred_state,model,n
0.117408697019487,0.0949806756035519,0.0949806756035519,Not Using Contact Responses,2017,MD,lasso,51087
0.105672762642636,0.0885291608868431,0.0950012178912886,Using Contact Responses,2015,MD,lasso,55596
0.105672762642636,0.0820931632723481,0.0885652202767936,Not Using Contact Responses,2015,MD,lasso,55596
