real_prop,pred_prop,pred_prop_2017,predset,year,pred_state,model,n
0.055498051699152,0.087184153420488,0.0876559506984913,Using Contact Responses,2013,NC,lasso,1846
0.0845279193630389,0.0818738385702169,0.0823456358482203,Using Contact Responses,2015,NC,lasso,6178
0.103833404258213,0.10671606758726,0.10671606758726,Using Contact Responses,2017,NC,lasso,3151
0.055498051699152,0.0870413263593304,0.0875131236373337,Not Using Contact Responses,2013,NC,lasso,1846
0.0845279193630389,0.0819811887774799,0.0824529860554833,Not Using Contact Responses,2015,NC,lasso,6178
0.103833404258213,0.103426444558848,0.103426444558848,Not Using Contact Responses,2017,NC,lasso,3151
