real_prop,pred_prop,pred_prop_2017,predset,year,pred_state,model,n
0.0794222775525731,0.0822100340843169,0.0949279458150091,Not Using Contact Responses,2013,AZ,gbrt,1623
0.0854261608337977,0.086295073567736,0.0954920336290865,Not Using Contact Responses,2015,AZ,gbrt,2582
0.113423415308664,0.0858813654805431,0.0858813654805431,Not Using Contact Responses,2017,AZ,gbrt,2139
