real_prop,pred_prop,pred_prop_2017,predset,year,pred_state,model,n
0.0825797937555432,0.0884531477056244,0.0921084676661065,Using Contact Responses,2015,PA,lassolog,2899
0.0907675070964858,0.127338911529769,0.127338911529769,Using Contact Responses,2017,PA,lassolog,3761
0.0825797937555432,0.0885565957591649,0.0926657321575196,Not Using Contact Responses,2015,PA,lassolog,2899
0.0907675070964858,0.131473354359758,0.131473354359758,Not Using Contact Responses,2017,PA,lassolog,3761
