real_prop,pred_prop,pred_prop_2017,predset,year,pred_state,model,n
0.104839175135925,0.0993684829056018,0.0993684829056018,Using Contact Responses,2017,TX,ridgelog,2113
0.104839175135925,0.0981032671320864,0.0981032671320864,Not Using Contact Responses,2017,TX,ridgelog,2113
