real_prop,pred_prop,pred_prop_2017,predset,year,pred_state,model,n
0.0860333838988491,0.115643536309945,0.126404329693209,Using Contact Responses,2015,CT,logit,2398
0.105643059437242,0.138477152479507,0.138477152479507,Using Contact Responses,2017,CT,logit,2425
0.0860333838988491,0.121426509564866,0.133645586860905,Not Using Contact Responses,2015,CT,logit,2398
0.105643059437242,0.138739812490822,0.138739812490822,Not Using Contact Responses,2017,CT,logit,2425
