real_prop,pred_prop,pred_prop_2017,predset,year,pred_state,model,n
0.0918595241935373,0.0499496568562251,0.0545830877507716,Using Contact Responses,2015,NY,ols,10834
0.112334567614473,0.0320748726582664,0.0320748726582664,Using Contact Responses,2017,NY,ols,11411
0.0918595241935373,0.0477648704699213,0.0523983013644678,Not Using Contact Responses,2015,NY,ols,10834
0.112334567614473,0.0307828521379888,0.0307828521379888,Not Using Contact Responses,2017,NY,ols,11411
