real_prop,pred_prop,pred_prop_2017,predset,year,pred_state,model,n
0.0753629931178234,0.087767860597391,0.097027866302097,Using Contact Responses,2013,RI,rf,2453
0.0951338758955237,0.0974032097313017,0.103525254126388,Using Contact Responses,2015,RI,rf,3462
0.109487118907166,0.109348800729118,0.109348800729118,Using Contact Responses,2017,RI,rf,2221
0.0753629931178234,0.0752509487167758,0.0879030692443829,Not Using Contact Responses,2013,RI,rf,2453
0.0951338758955237,0.091414304613207,0.0989033715958897,Not Using Contact Responses,2015,RI,rf,3462
0.109487118907166,0.101209109807669,0.101209109807669,Not Using Contact Responses,2017,RI,rf,2221
