real_prop,pred_prop,pred_prop_2017,predset,year,pred_state,model,n
0.0860333838988491,0.118133628411854,0.120899316997625,Using Contact Responses,2015,CT,lasso,2398
0.105643059437242,0.138401406944808,0.138401406944808,Using Contact Responses,2017,CT,lasso,2425
0.0860333838988491,0.119712847935791,0.122478536521562,Not Using Contact Responses,2015,CT,lasso,2398
0.105643059437242,0.13326181274871,0.13326181274871,Not Using Contact Responses,2017,CT,lasso,2425
