real_prop,pred_prop,pred_prop_2017,predset,year,pred_state,model,n
0.07954842799682,0.0876080311464824,0.0918208615382286,Using Contact Responses,2015,VT,ridgelog,21013
0.099859188027376,0.115249861869374,0.115249861869374,Using Contact Responses,2017,VT,ridgelog,20653
0.07954842799682,0.0858599657372714,0.0904607722934358,Not Using Contact Responses,2015,VT,ridgelog,21013
0.099859188027376,0.116422604677664,0.116422604677664,Not Using Contact Responses,2017,VT,ridgelog,20653
