real_prop,pred_prop,pred_prop_2017,predset,year,pred_state,model,n
0.109772557911893,0.113375074474269,0.118560813711386,Using Contact Responses,2015,NM,ridge,8304
0.111482270437674,0.12313843818264,0.12313843818264,Using Contact Responses,2017,NM,ridge,5781
0.109772557911893,0.110357562879607,0.115543302116725,Not Using Contact Responses,2015,NM,ridge,8304
0.111482270437674,0.120977458432863,0.120977458432863,Not Using Contact Responses,2017,NM,ridge,5781
