real_prop,pred_prop,pred_prop_2017,predset,year,pred_state,model,n
0.062662575190245,0.075939939231488,0.0844580410855314,Using Contact Responses,2013,DE,rf,2756
0.0797300432697131,0.0812297497818618,0.0895470272815203,Using Contact Responses,2015,DE,rf,2777
0.0979863869797875,0.101546214335612,0.101546214335612,Using Contact Responses,2017,DE,rf,2906
0.062662575190245,0.0681517117938448,0.0796418814036765,Not Using Contact Responses,2013,DE,rf,2756
0.0797300432697131,0.077223345758675,0.0871349041405545,Not Using Contact Responses,2015,DE,rf,2777
0.0979863869797875,0.0974430227560149,0.0974430227560149,Not Using Contact Responses,2017,DE,rf,2906
