real_prop,pred_prop,pred_prop_2017,predset,year,pred_state,model,n
0.091674422819361,0.107531502758539,0.115675985235522,Using Contact Responses,2015,WV,logit,1622
0.092228511261465,0.110012620978541,0.110012620978541,Using Contact Responses,2017,WV,logit,1563
0.091674422819361,0.105596542458369,0.11482049725235,Not Using Contact Responses,2015,WV,logit,1622
0.092228511261465,0.109378265783155,0.109378265783155,Not Using Contact Responses,2017,WV,logit,1563
