real_prop,pred_prop,pred_prop_2017,predset,year,pred_state,model,n
0.0753629931178234,0.0511907219528271,0.0580752805915098,Using Contact Responses,2013,RI,ridge,2453
0.0951338758955237,0.0829149351201696,0.0877792258021986,Using Contact Responses,2015,RI,ridge,3462
0.109487118907166,0.0895157520382677,0.0895157520382677,Using Contact Responses,2017,RI,ridge,2221
0.0753629931178234,0.0513143375147605,0.0581988961534432,Not Using Contact Responses,2013,RI,ridge,2453
0.0951338758955237,0.083567736430339,0.088432027112368,Not Using Contact Responses,2015,RI,ridge,3462
0.109487118907166,0.0876298084805526,0.0876298084805526,Not Using Contact Responses,2017,RI,ridge,2221
