real_prop,pred_prop,pred_prop_2017,predset,year,pred_state,model,n
0.0756307522374961,0.0736072093153642,0.0769349101285549,Using Contact Responses,2015,CA,ridgelog,1943
0.0930920308158224,0.115454421241935,0.115454421241935,Using Contact Responses,2017,CA,ridgelog,1778
0.0756307522374961,0.0745223869273552,0.0781587264708866,Not Using Contact Responses,2015,CA,ridgelog,1943
0.0930920308158224,0.117334766189615,0.117334766189615,Not Using Contact Responses,2017,CA,ridgelog,1778
