real_prop,pred_prop,pred_prop_2017,predset,year,pred_state,model,n
0.109772557911893,0.103183005034257,0.112528289666368,Using Contact Responses,2015,NM,logit,8304
0.111482270437674,0.123850560583195,0.123850560583195,Using Contact Responses,2017,NM,logit,5781
0.109772557911893,0.102412170377174,0.113044794298437,Not Using Contact Responses,2015,NM,logit,8304
0.111482270437674,0.127273935865483,0.127273935865483,Not Using Contact Responses,2017,NM,logit,5781
