real_prop,pred_prop,pred_prop_2017,predset,year,pred_state,model,n
0.07954842799682,0.0873300697957076,0.0924863761323008,Using Contact Responses,2015,VT,lassolog,21013
0.099859188027376,0.116749760687085,0.116749760687085,Using Contact Responses,2017,VT,lassolog,20653
0.07954842799682,0.0844386426621798,0.0901032941122305,Not Using Contact Responses,2015,VT,lassolog,21013
0.099859188027376,0.117040859425055,0.117040859425055,Not Using Contact Responses,2017,VT,lassolog,20653
