real_prop,pred_prop,pred_prop_2017,predset,year,pred_state,model,n
0.07954842799682,0.0709197758836636,0.0747088019332295,Using Contact Responses,2015,VT,gbrt,21013
0.099859188027376,0.0854048204195336,0.0854048204195336,Using Contact Responses,2017,VT,gbrt,20653
0.07954842799682,0.0659898817559735,0.0695320586350598,Not Using Contact Responses,2015,VT,gbrt,21013
0.099859188027376,0.0831990599936963,0.0831990599936963,Not Using Contact Responses,2017,VT,gbrt,20653
