real_prop,pred_prop,pred_prop_2017,predset,year,pred_state,model,n
0.0825797937555432,0.0873615373077746,0.096126430996426,Using Contact Responses,2015,PA,rf,2899
0.0907675070964858,0.104152660609913,0.104152660609913,Using Contact Responses,2017,PA,rf,3761
0.0825797937555432,0.0770908109386808,0.087835037311731,Not Using Contact Responses,2015,PA,rf,2899
0.0907675070964858,0.0993036961647631,0.0993036961647631,Not Using Contact Responses,2017,PA,rf,3761
