real_prop,pred_prop,pred_prop_2017,predset,year,pred_state,model,n
0.0929028176031623,0.0881613641880303,0.0925545572545284,Using Contact Responses,2015,NV,ridge,1452
0.130572052976703,0.0985870520695766,0.0985870520695766,Using Contact Responses,2017,NV,ridge,1667
0.0929028176031623,0.085579509627501,0.089972702693999,Not Using Contact Responses,2015,NV,ridge,1452
0.130572052976703,0.0925647100471629,0.0925647100471629,Not Using Contact Responses,2017,NV,ridge,1667
