real_prop,pred_prop,pred_prop_2017,predset,year,pred_state,model,n
0.0753629931178234,0.0687671782468591,0.0731444785159515,Using Contact Responses,2013,RI,lassolog,2453
0.0951338758955237,0.081693688832938,0.0862349962049784,Using Contact Responses,2015,RI,lassolog,3462
0.109487118907166,0.0962653926592583,0.0962653926592583,Using Contact Responses,2017,RI,lassolog,2221
0.0753629931178234,0.0653142110664251,0.070017368017265,Not Using Contact Responses,2013,RI,lassolog,2453
0.0951338758955237,0.0793661440891761,0.0844635131849644,Not Using Contact Responses,2015,RI,lassolog,3462
0.109487118907166,0.0931141638739862,0.0931141638739862,Not Using Contact Responses,2017,RI,lassolog,2221
