real_prop,pred_prop,pred_prop_2017,predset,year,pred_state,model,n
0.0756307522374961,0.00330251793190301,0.0104734168054096,Using Contact Responses,2015,CA,ols,1943
0.0930920308158224,0.0731037450816482,0.0731037450816482,Using Contact Responses,2017,CA,ols,1778
0.0756307522374961,0.00761214507878444,0.014783043952291,Not Using Contact Responses,2015,CA,ols,1943
0.0930920308158224,0.075372563325338,0.075372563325338,Not Using Contact Responses,2017,CA,ols,1778
