real_prop,pred_prop,pred_prop_2017,predset,year,pred_state,model,n
0.0838786098499776,0.0941705033304497,0.0941705033304497,Using Contact Responses,2017,IA,ols,1691
0.0838786098499776,0.0973006989032218,0.0973006989032218,Not Using Contact Responses,2017,IA,ols,1691
