real_prop,pred_prop,pred_prop_2017,predset,year,pred_state,model,n
0.0599575011973573,0.0170110053788387,0.032692953599226,Using Contact Responses,2013,ME,ols,9017
0.0836722974910217,-0.00631063940180759,-0.00358478189504085,Using Contact Responses,2015,ME,ols,9605
0.112990328565787,-0.00127423008600894,-0.00127423008600894,Using Contact Responses,2017,ME,ols,9501
0.0599575011973573,0.0198413876781732,0.0355233358985604,Not Using Contact Responses,2013,ME,ols,9017
0.0836722974910217,-0.00546349030913828,-0.00273763280237154,Not Using Contact Responses,2015,ME,ols,9605
0.112990328565787,-0.000323007792134608,-0.000323007792134608,Not Using Contact Responses,2017,ME,ols,9501
