real_prop,pred_prop,pred_prop_2017,predset,year,pred_state,model,n
0.0678238694557725,0.0381666870796238,0.0720437793551108,Using Contact Responses,2013,FL,ols,6089
0.0766931744154104,0.00828771252328653,0.0138832930178787,Using Contact Responses,2015,FL,ols,6359
0.0993134122973734,-0.0156911235626141,-0.0156911235626141,Using Contact Responses,2017,FL,ols,6171
0.0678238694557725,0.0368280594417714,0.0707051517172583,Not Using Contact Responses,2013,FL,ols,6089
0.0766931744154104,0.00647351707875435,0.0120690975733465,Not Using Contact Responses,2015,FL,ols,6359
0.0993134122973734,-0.0191335711990618,-0.0191335711990618,Not Using Contact Responses,2017,FL,ols,6171
