real_prop,pred_prop,pred_prop_2017,predset,year,pred_state,model,n
0.0838786098499776,0.0841973941421919,0.0841973941421919,Using Contact Responses,2017,IA,gbrt,1691
0.0838786098499776,0.0879804504943408,0.0879804504943408,Not Using Contact Responses,2017,IA,gbrt,1691
