real_prop,pred_prop,pred_prop_2017,predset,year,pred_state,model,n
0.0860333838988491,0.105815981404356,0.11125255880301,Using Contact Responses,2015,CT,ridgelog,2398
0.105643059437242,0.121307698704049,0.121307698704049,Using Contact Responses,2017,CT,ridgelog,2425
0.0860333838988491,0.107956424203985,0.113917333671351,Not Using Contact Responses,2015,CT,ridgelog,2398
0.105643059437242,0.117369240178726,0.117369240178726,Not Using Contact Responses,2017,CT,ridgelog,2425
