real_prop,pred_prop,pred_prop_2017,predset,year,pred_state,model,n
0.0753629931178234,0.0194206212653247,0.0629271463249755,Using Contact Responses,2013,RI,ols,2453
0.0951338758955237,0.00747089036384065,0.0214319354154341,Using Contact Responses,2015,RI,ols,3462
0.109487118907166,0.0570818426410366,0.0570818426410366,Using Contact Responses,2017,RI,ols,2221
0.0753629931178234,0.0206094517915156,0.0641159768511664,Not Using Contact Responses,2013,RI,ols,2453
0.0951338758955237,0.00937981082393673,0.0233408558755301,Not Using Contact Responses,2015,RI,ols,3462
0.109487118907166,0.0558439419832588,0.0558439419832588,Not Using Contact Responses,2017,RI,ols,2221
