real_prop,pred_prop,pred_prop_2017,predset,year,pred_state,model,n
0.0928250603384332,0.107920337409487,0.110942306991561,Using Contact Responses,2015,KY,lasso,2577
0.111385982394862,0.103972620388617,0.103972620388617,Using Contact Responses,2017,KY,lasso,1997
0.0928250603384332,0.102887828233231,0.105909797815305,Not Using Contact Responses,2015,KY,lasso,2577
0.111385982394862,0.0997857527157211,0.0997857527157211,Not Using Contact Responses,2017,KY,lasso,1997
