real_prop,pred_prop,pred_prop_2017,predset,year,pred_state,model,n
0.0599575011973573,0.0696671194633198,0.0707542425192374,Using Contact Responses,2013,ME,lassolog,9017
0.0836722974910217,0.0691907368364925,0.0702453667055601,Using Contact Responses,2015,ME,lassolog,9605
0.112990328565787,0.0726475658031325,0.0726475658031325,Using Contact Responses,2017,ME,lassolog,9501
0.0599575011973573,0.067379349845915,0.0685662332575906,Not Using Contact Responses,2013,ME,lassolog,9017
0.0836722974910217,0.0645686141914576,0.065705235941861,Not Using Contact Responses,2015,ME,lassolog,9605
0.112990328565787,0.0682677488888245,0.0682677488888245,Not Using Contact Responses,2017,ME,lassolog,9501
