real_prop,pred_prop,pred_prop_2017,predset,year,pred_state,model,n
0.0790049923461599,0.0774662809477982,0.0837137643998254,Using Contact Responses,2013,IL,lassolog,3276
0.0898369956455114,0.0741987065710621,0.0795262975254192,Using Contact Responses,2015,IL,lassolog,3282
0.0968481982908234,0.115858580994191,0.115858580994191,Using Contact Responses,2017,IL,lassolog,5010
0.0790049923461599,0.0732002595518131,0.0802203186546775,Not Using Contact Responses,2013,IL,lassolog,3276
0.0898369956455114,0.0705254663643432,0.0763151863742367,Not Using Contact Responses,2015,IL,lassolog,3282
0.0968481982908234,0.114084156057764,0.114084156057764,Not Using Contact Responses,2017,IL,lassolog,5010
