real_prop,pred_prop,pred_prop_2017,predset,year,pred_state,model,n
0.059772000513074,0.081085602007089,0.0897260178664104,Using Contact Responses,2013,MI,rf,4266
0.0825986970076306,0.091179172321682,0.0987327133291715,Using Contact Responses,2015,MI,rf,4816
0.087130996877782,0.10784380301638,0.10784380301638,Using Contact Responses,2017,MI,rf,1626
0.059772000513074,0.0741415926401208,0.0854092716400191,Not Using Contact Responses,2013,MI,rf,4266
0.0825986970076306,0.0828041604465281,0.0929256541556891,Not Using Contact Responses,2015,MI,rf,4816
0.087130996877782,0.102808664953518,0.102808664953518,Not Using Contact Responses,2017,MI,rf,1626
