real_prop,pred_prop,pred_prop_2017,predset,year,pred_state,model,n
0.059772000513074,0.069483851528946,0.0760296710181936,Using Contact Responses,2013,MI,lassolog,4266
0.0825986970076306,0.0929247259666791,0.0978513113023077,Using Contact Responses,2015,MI,lassolog,4816
0.087130996877782,0.110426106002316,0.110426106002316,Using Contact Responses,2017,MI,lassolog,1626
0.059772000513074,0.0683337462677124,0.0756146031566839,Not Using Contact Responses,2013,MI,lassolog,4266
0.0825986970076306,0.0915652601839275,0.0970863658676674,Not Using Contact Responses,2015,MI,lassolog,4816
0.087130996877782,0.109524670523749,0.109524670523749,Not Using Contact Responses,2017,MI,lassolog,1626
