real_prop,pred_prop,pred_prop_2017,predset,year,pred_state,model,n
0.0580503324467007,0.047040659686567,0.0556078758009069,Using Contact Responses,2015,OK,ols,1611
0.0951059503302818,0.0621885270100661,0.0621885270100661,Using Contact Responses,2017,OK,ols,1649
0.0580503324467007,0.0499463388387294,0.0585135549530692,Not Using Contact Responses,2015,OK,ols,1611
0.0951059503302818,0.0616165539203581,0.0616165539203581,Not Using Contact Responses,2017,OK,ols,1649
