real_prop,pred_prop,pred_prop_2017,predset,year,pred_state,model,n
0.104839175135925,0.0904177811363174,0.0904177811363174,Using Contact Responses,2017,TX,gbrt,2113
0.104839175135925,0.0910579716577879,0.0910579716577879,Not Using Contact Responses,2017,TX,gbrt,2113
