real_prop,pred_prop,pred_prop_2017,predset,year,pred_state,model,n
0.0580503324467007,0.0788696042823907,0.0866429820330122,Using Contact Responses,2015,OK,rf,1611
0.0951059503302818,0.0971165550450142,0.0971165550450142,Using Contact Responses,2017,OK,rf,1649
0.0580503324467007,0.0764141002900284,0.0860825253803215,Not Using Contact Responses,2015,OK,rf,1611
0.0951059503302818,0.0964370398179999,0.0964370398179999,Not Using Contact Responses,2017,OK,rf,1649
