real_prop,pred_prop,pred_prop_2017,predset,year,pred_state,model,n
0.0628094724524842,0.0775882235419211,0.0841982018252954,Using Contact Responses,2013,HI,ridge,4631
0.0833875584898865,0.104861334160064,0.10982355202176,Using Contact Responses,2015,HI,ridge,6089
0.107834677635688,0.127954808538825,0.127954808538825,Using Contact Responses,2017,HI,ridge,6031
0.0628094724524842,0.0791617511865121,0.0857717294698865,Not Using Contact Responses,2013,HI,ridge,4631
0.0833875584898865,0.106944281972338,0.111906499834034,Not Using Contact Responses,2015,HI,ridge,6089
0.107834677635688,0.12675720893181,0.12675720893181,Not Using Contact Responses,2017,HI,ridge,6031
