real_prop,pred_prop,pred_prop_2017,predset,year,pred_state,model,n
0.0763363600968691,0.095201458980195,0.0978856148569263,Using Contact Responses,2015,MA,lasso,3120
0.0906065943241341,0.11300837583045,0.11300837583045,Using Contact Responses,2017,MA,lasso,3286
0.0763363600968691,0.0959474208944972,0.0986315767712285,Not Using Contact Responses,2015,MA,lasso,3120
0.0906065943241341,0.109800793932885,0.109800793932885,Not Using Contact Responses,2017,MA,lasso,3286
