real_prop,pred_prop,pred_prop_2017,predset,year,pred_state,model,n
0.0939873193167301,0.112973172835518,0.119156428245792,Using Contact Responses,2015,AR,rf,2880
0.133964826333683,0.153929512962074,0.153929512962074,Using Contact Responses,2017,AR,rf,1682
0.0939873193167301,0.112979506418465,0.119150378208684,Not Using Contact Responses,2015,AR,rf,2880
0.133964826333683,0.146533502166107,0.146533502166107,Not Using Contact Responses,2017,AR,rf,1682
