real_prop,pred_prop,pred_prop_2017,predset,year,pred_state,model,n
0.0580503324467007,0.0610745910402631,0.0656134861801282,Using Contact Responses,2015,OK,ridge,1611
0.0951059503302818,0.0807808443281072,0.0807808443281072,Using Contact Responses,2017,OK,ridge,1649
0.0580503324467007,0.0627260937446586,0.0672649888845237,Not Using Contact Responses,2015,OK,ridge,1611
0.0951059503302818,0.0796585400028849,0.0796585400028849,Not Using Contact Responses,2017,OK,ridge,1649
