real_prop,pred_prop,pred_prop_2017,predset,year,pred_state,model,n
0.0838786098499776,0.0907695798104177,0.0907695798104177,Using Contact Responses,2017,IA,logit,1691
0.0838786098499776,0.091630449264682,0.091630449264682,Not Using Contact Responses,2017,IA,logit,1691
