real_prop,pred_prop,pred_prop_2017,predset,year,pred_state,model,n
0.091674422819361,0.0958919273455202,0.10034719648663,Using Contact Responses,2015,WV,ridgelog,1622
0.092228511261465,0.103219294772673,0.103219294772673,Using Contact Responses,2017,WV,ridgelog,1563
0.091674422819361,0.091052426538652,0.0958914136185033,Not Using Contact Responses,2015,WV,ridgelog,1622
0.092228511261465,0.10041426787241,0.10041426787241,Not Using Contact Responses,2017,WV,ridgelog,1563
