real_prop,pred_prop,pred_prop_2017,predset,year,pred_state,model,n
0.109772557911893,0.113654857548156,0.116409697691895,Using Contact Responses,2015,NM,lasso,8304
0.111482270437674,0.126210110719429,0.126210110719429,Using Contact Responses,2017,NM,lasso,5781
0.109772557911893,0.109990264852634,0.112745104996373,Not Using Contact Responses,2015,NM,lasso,8304
0.111482270437674,0.123499068711493,0.123499068711493,Not Using Contact Responses,2017,NM,lasso,5781
