real_prop,pred_prop,pred_prop_2017,predset,year,pred_state,model,n
0.117408697019487,0.0971331782958553,0.0971331782958553,Not Using Contact Responses,2017,MD,lassolog,51087
0.105672762642636,0.0899091605082791,0.0985098730934343,Using Contact Responses,2015,MD,lassolog,55596
0.105672762642636,0.0832200851180575,0.0924266468259417,Not Using Contact Responses,2015,MD,lassolog,55596
