real_prop,pred_prop,pred_prop_2017,predset,year,pred_state,model,n
0.0790049923461599,0.0820084621870345,0.089340997318402,Using Contact Responses,2013,IL,lasso,3276
0.0898369956455114,0.0751531435443981,0.0792947690503895,Using Contact Responses,2015,IL,lasso,3282
0.0968481982908234,0.123025083161157,0.123025083161157,Using Contact Responses,2017,IL,lasso,5010
0.0790049923461599,0.0802462770524985,0.087578812183866,Not Using Contact Responses,2013,IL,lasso,3276
0.0898369956455114,0.073667310125632,0.0778089356316235,Not Using Contact Responses,2015,IL,lasso,3282
0.0968481982908234,0.11987579464378,0.11987579464378,Not Using Contact Responses,2017,IL,lasso,5010
