real_prop,pred_prop,pred_prop_2017,predset,year,pred_state,model,n
0.062662575190245,0.0650670728206019,0.0755859821202051,Using Contact Responses,2013,DE,gbrt,2756
0.0797300432697131,0.0720357604996181,0.0804580646183394,Using Contact Responses,2015,DE,gbrt,2777
0.0979863869797875,0.095291089133001,0.095291089133001,Using Contact Responses,2017,DE,gbrt,2906
0.062662575190245,0.0654951081864411,0.0775141591310686,Not Using Contact Responses,2013,DE,gbrt,2756
0.0797300432697131,0.0746638568095677,0.0847530968570483,Not Using Contact Responses,2015,DE,gbrt,2777
0.0979863869797875,0.0968363727126637,0.0968363727126637,Not Using Contact Responses,2017,DE,gbrt,2906
