real_prop,pred_prop,pred_prop_2017,predset,year,pred_state,model,n
0.0790049923461599,0.104417418438084,0.125761871629253,Using Contact Responses,2013,IL,logit,3276
0.0898369956455114,0.0898783826833637,0.0965935126837507,Using Contact Responses,2015,IL,logit,3282
0.0968481982908234,0.119384239707178,0.119384239707178,Using Contact Responses,2017,IL,logit,5010
0.0790049923461599,0.105102026248467,0.129917055358416,Not Using Contact Responses,2013,IL,logit,3276
0.0898369956455114,0.0890233762633297,0.0965224988841813,Not Using Contact Responses,2015,IL,logit,3282
0.0968481982908234,0.119856571670964,0.119856571670964,Not Using Contact Responses,2017,IL,logit,5010
