real_prop,pred_prop,pred_prop_2017,predset,year,pred_state,model,n
0.0859725649430007,0.081788841908551,0.081788841908551,Using Contact Responses,2017,NE,logit,1427
0.0859725649430007,0.0851748341555337,0.0851748341555337,Not Using Contact Responses,2017,NE,logit,1427
