real_prop,pred_prop,pred_prop_2017,predset,year,pred_state,model,n
0.0928250603384332,0.100095785357234,0.106370868437874,Using Contact Responses,2015,KY,rf,2577
0.111385982394862,0.105465751158147,0.105465751158147,Using Contact Responses,2017,KY,rf,1997
0.0928250603384332,0.0872084374706039,0.0952051189433514,Not Using Contact Responses,2015,KY,rf,2577
0.111385982394862,0.096913337760424,0.096913337760424,Not Using Contact Responses,2017,KY,rf,1997
