real_prop,pred_prop,pred_prop_2017,predset,year,pred_state,model,n
0.0678238694557725,0.0606591806128509,0.064975079048158,Using Contact Responses,2013,FL,lassolog,6089
0.0766931744154104,0.0600892681523561,0.0637009961639641,Using Contact Responses,2015,FL,lassolog,6359
0.0993134122973734,0.0686364021368873,0.0686364021368873,Using Contact Responses,2017,FL,lassolog,6171
0.0678238694557725,0.0542305128077446,0.0588416451109117,Not Using Contact Responses,2013,FL,lassolog,6089
0.0766931744154104,0.0541195073323987,0.0579581433658042,Not Using Contact Responses,2015,FL,lassolog,6359
0.0993134122973734,0.0623622219281226,0.0623622219281226,Not Using Contact Responses,2017,FL,lassolog,6171
