real_prop,pred_prop,pred_prop_2017,predset,year,pred_state,model,n
0.0928250603384332,0.10101259306832,0.105585668281033,Using Contact Responses,2015,KY,ridgelog,2577
0.111385982394862,0.108924691578307,0.108924691578307,Using Contact Responses,2017,KY,ridgelog,1997
0.0928250603384332,0.0953304218876848,0.100288873346793,Not Using Contact Responses,2015,KY,ridgelog,2577
0.111385982394862,0.105986698464603,0.105986698464603,Not Using Contact Responses,2017,KY,ridgelog,1997
