real_prop,pred_prop,pred_prop_2017,predset,year,pred_state,model,n
0.0939873193167301,0.111515010553745,0.116320661065672,Using Contact Responses,2015,AR,ridge,2880
0.133964826333683,0.152250824105863,0.152250824105863,Using Contact Responses,2017,AR,ridge,1682
0.0939873193167301,0.112457110057384,0.117262760569312,Not Using Contact Responses,2015,AR,ridge,2880
0.133964826333683,0.148515593671935,0.148515593671935,Not Using Contact Responses,2017,AR,ridge,1682
