real_prop,pred_prop,pred_prop_2017,predset,year,pred_state,model,n
0.0859725649430007,0.0808114179068723,0.0808114179068723,Using Contact Responses,2017,NE,lassolog,1427
0.0859725649430007,0.0834870090410325,0.0834870090410325,Not Using Contact Responses,2017,NE,lassolog,1427
