real_prop,pred_prop,pred_prop_2017,predset,year,pred_state,model,n
0.0918595241935373,0.0752660780939511,0.0783845998979315,Using Contact Responses,2015,NY,ridgelog,10834
0.112334567614473,0.072878488800881,0.072878488800881,Using Contact Responses,2017,NY,ridgelog,11411
0.0918595241935373,0.0704743373188247,0.07372233451608,Not Using Contact Responses,2015,NY,ridgelog,10834
0.112334567614473,0.0692166342009955,0.0692166342009955,Not Using Contact Responses,2017,NY,ridgelog,11411
