real_prop,pred_prop,pred_prop_2017,predset,year,pred_state,model,n
0.0599575011973573,0.0640068432434233,0.0666890699440718,Using Contact Responses,2013,ME,ridgelog,9017
0.0836722974910217,0.0649921059564306,0.0672270770504675,Using Contact Responses,2015,ME,ridgelog,9605
0.112990328565787,0.0693217529844371,0.0693217529844371,Using Contact Responses,2017,ME,ridgelog,9501
0.0599575011973573,0.0617713910865751,0.0646677537928932,Not Using Contact Responses,2013,ME,ridgelog,9017
0.0836722974910217,0.0610015374584409,0.0633878615916632,Not Using Contact Responses,2015,ME,ridgelog,9605
0.112990328565787,0.0658002067610006,0.0658002067610006,Not Using Contact Responses,2017,ME,ridgelog,9501
