real_prop,pred_prop,pred_prop_2017,predset,year,pred_state,model,n
0.055498051699152,0.0934866997585852,0.101398754738805,Using Contact Responses,2013,NC,rf,1846
0.0845279193630389,0.0967240676513454,0.104193856391728,Using Contact Responses,2015,NC,rf,6178
0.103833404258213,0.117060835614639,0.117060835614639,Using Contact Responses,2017,NC,rf,3151
0.055498051699152,0.0844057585059893,0.0947602795589094,Not Using Contact Responses,2013,NC,rf,1846
0.0845279193630389,0.0917636503085651,0.100851608166891,Not Using Contact Responses,2015,NC,rf,6178
0.103833404258213,0.108705296611953,0.108705296611953,Not Using Contact Responses,2017,NC,rf,3151
