real_prop,pred_prop,pred_prop_2017,predset,year,pred_state,model,n
0.0612016536077505,0.0920418505637135,0.0921395941425713,Using Contact Responses,2013,NH,lasso,1634
0.0964664974824745,0.0574750900506566,0.0574750900506566,Using Contact Responses,2017,NH,lasso,12050
0.0612016536077505,0.0949340209350241,0.0950317645138818,Not Using Contact Responses,2013,NH,lasso,1634
0.0964664974824745,0.0591619539955066,0.0591619539955066,Not Using Contact Responses,2017,NH,lasso,12050
