real_prop,pred_prop,pred_prop_2017,predset,year,pred_state,model,n
0.0928250603384332,0.100688113352873,0.106526629627603,Using Contact Responses,2015,KY,lassolog,2577
0.111385982394862,0.104667949036355,0.104667949036355,Using Contact Responses,2017,KY,lassolog,1997
0.0928250603384332,0.0951037132787947,0.101574521283719,Not Using Contact Responses,2015,KY,lassolog,2577
0.111385982394862,0.101599632434612,0.101599632434612,Not Using Contact Responses,2017,KY,lassolog,1997
