real_prop,pred_prop,pred_prop_2017,predset,year,pred_state,model,n
0.0790049923461599,0.0812779792835916,0.0909652744837512,Using Contact Responses,2013,IL,gbrt,3276
0.0898369956455114,0.0775566216391617,0.0853990147420856,Using Contact Responses,2015,IL,gbrt,3282
0.0968481982908234,0.106406408504145,0.106406408504145,Using Contact Responses,2017,IL,gbrt,5010
0.0790049923461599,0.0836505022329095,0.0937105734596585,Not Using Contact Responses,2013,IL,gbrt,3276
0.0898369956455114,0.0737176445756593,0.0821176059018376,Not Using Contact Responses,2015,IL,gbrt,3282
0.0968481982908234,0.103225370442298,0.103225370442298,Not Using Contact Responses,2017,IL,gbrt,5010
