real_prop,pred_prop,pred_prop_2017,predset,year,pred_state,model,n
0.117408697019487,0.0965608992184115,0.0965608992184115,Not Using Contact Responses,2017,MD,logit,51087
0.105672762642636,0.0875503746138754,0.100442613573996,Using Contact Responses,2015,MD,logit,55596
0.105672762642636,0.0816661933724323,0.0956270778269506,Not Using Contact Responses,2015,MD,logit,55596
