real_prop,pred_prop,pred_prop_2017,predset,year,pred_state,model,n
0.0825797937555432,0.0798278180604903,0.0885812754113356,Using Contact Responses,2015,PA,gbrt,2899
0.0907675070964858,0.108261771463329,0.108261771463329,Using Contact Responses,2017,PA,gbrt,3761
0.0825797937555432,0.0783215912319148,0.0884227023565314,Not Using Contact Responses,2015,PA,gbrt,2899
0.0907675070964858,0.109459365018619,0.109459365018619,Not Using Contact Responses,2017,PA,gbrt,3761
