real_prop,pred_prop,pred_prop_2017,predset,year,pred_state,model,n
0.055498051699152,0.0867122310120372,0.0911438154236529,Using Contact Responses,2013,NC,ridgelog,1846
0.0845279193630389,0.0872118236400742,0.0914761957257401,Using Contact Responses,2015,NC,ridgelog,6178
0.103833404258213,0.108891681989919,0.108891681989919,Using Contact Responses,2017,NC,ridgelog,3151
0.055498051699152,0.0842800942244394,0.0891719097979114,Not Using Contact Responses,2013,NC,ridgelog,1846
0.0845279193630389,0.085037660438842,0.0897352216310866,Not Using Contact Responses,2015,NC,ridgelog,6178
0.103833404258213,0.106318121053421,0.106318121053421,Not Using Contact Responses,2017,NC,ridgelog,3151
