real_prop,pred_prop,pred_prop_2017,predset,year,pred_state,model,n
0.0929028176031623,0.0838927319117022,0.0892414838512983,Using Contact Responses,2015,NV,logit,1452
0.130572052976703,0.1011952417535,0.1011952417535,Using Contact Responses,2017,NV,logit,1667
0.0929028176031623,0.082203988683334,0.0880607125887569,Not Using Contact Responses,2015,NV,logit,1452
0.130572052976703,0.0944844666952364,0.0944844666952364,Not Using Contact Responses,2017,NV,logit,1667
