real_prop,pred_prop,pred_prop_2017,predset,year,pred_state,model,n
0.0528903411271616,0.0718573254606184,0.0752262621725982,Using Contact Responses,2013,WI,lasso,2843
0.0955551899251074,0.0893306556789787,0.0893306556789787,Using Contact Responses,2017,WI,lasso,2067
0.0528903411271616,0.0732805103374392,0.076649447049419,Not Using Contact Responses,2013,WI,lasso,2843
0.0955551899251074,0.0925861521870528,0.0925861521870528,Not Using Contact Responses,2017,WI,lasso,2067
