real_prop,pred_prop,pred_prop_2017,predset,year,pred_state,model,n
0.055498051699152,0.0776758872475381,0.0834381644302821,Using Contact Responses,2013,NC,ridge,1846
0.0845279193630389,0.076251305764906,0.0813173820296976,Using Contact Responses,2015,NC,ridge,6178
0.103833404258213,0.102343142434649,0.102343142434649,Using Contact Responses,2017,NC,ridge,3151
0.055498051699152,0.0780248671625678,0.0837871443453119,Not Using Contact Responses,2013,NC,ridge,1846
0.0845279193630389,0.0766933265961741,0.0817594028609657,Not Using Contact Responses,2015,NC,ridge,6178
0.103833404258213,0.0997417829641848,0.0997417829641848,Not Using Contact Responses,2017,NC,ridge,3151
