real_prop,pred_prop,pred_prop_2017,predset,year,pred_state,model,n
0.0599575011973573,0.083659719439296,0.0889632880490983,Using Contact Responses,2013,ME,rf,9017
0.0836722974910217,0.0870068776286215,0.0926043416173023,Using Contact Responses,2015,ME,rf,9605
0.112990328565787,0.0999855886875205,0.0999855886875205,Using Contact Responses,2017,ME,rf,9501
0.0599575011973573,0.0716481432502312,0.0793171894920351,Not Using Contact Responses,2013,ME,rf,9017
0.0836722974910217,0.0740823213234189,0.08162692338148,Not Using Contact Responses,2015,ME,rf,9605
0.112990328565787,0.0850457540197673,0.0850457540197673,Not Using Contact Responses,2017,ME,rf,9501
