real_prop,pred_prop,pred_prop_2017,predset,year,pred_state,model,n
0.0996742731035532,0.090031399937611,0.0948709290609706,Using Contact Responses,2015,IN,ridge,1912
0.0996742731035532,0.09000142266728,0.0948409517906396,Not Using Contact Responses,2015,IN,ridge,1912
