real_prop,pred_prop,pred_prop_2017,predset,year,pred_state,model,n
0.0794222775525731,0.0923820080406383,0.115142101407064,Not Using Contact Responses,2013,AZ,logit,1623
0.0854261608337977,0.127607161446349,0.13767891948941,Not Using Contact Responses,2015,AZ,logit,2582
0.113423415308664,0.078141573824796,0.078141573824796,Not Using Contact Responses,2017,AZ,logit,2139
