real_prop,pred_prop,pred_prop_2017,predset,year,pred_state,model,n
0.109772557911893,0.098651713988269,0.106727128561023,Using Contact Responses,2015,NM,gbrt,8304
0.111482270437674,0.112421118930662,0.112421118930662,Using Contact Responses,2017,NM,gbrt,5781
0.109772557911893,0.0973867409154532,0.106323094028583,Not Using Contact Responses,2015,NM,gbrt,8304
0.111482270437674,0.11471642451369,0.11471642451369,Not Using Contact Responses,2017,NM,gbrt,5781
