real_prop,pred_prop,pred_prop_2017,predset,year,pred_state,model,n
0.0753629931178234,0.0650277854542757,0.0692235996496083,Using Contact Responses,2013,RI,ridgelog,2453
0.0951338758955237,0.0911247723948066,0.0951511867597195,Using Contact Responses,2015,RI,ridgelog,3462
0.109487118907166,0.089921430661085,0.089921430661085,Using Contact Responses,2017,RI,ridgelog,2221
0.0753629931178234,0.0620743015454669,0.0665495512264113,Not Using Contact Responses,2013,RI,ridgelog,2453
0.0951338758955237,0.0905569209035954,0.0950562659858515,Not Using Contact Responses,2015,RI,ridgelog,3462
0.109487118907166,0.0868394465572768,0.0868394465572768,Not Using Contact Responses,2017,RI,ridgelog,2221
