real_prop,pred_prop,pred_prop_2017,predset,year,pred_state,model,n
0.0790049923461599,0.098425229930722,0.107049978489625,Using Contact Responses,2013,IL,rf,3276
0.0898369956455114,0.0911885757550422,0.0979221369298689,Using Contact Responses,2015,IL,rf,3282
0.0968481982908234,0.113668612749684,0.113668612749684,Using Contact Responses,2017,IL,rf,5010
0.0790049923461599,0.0945077588840876,0.105453510838609,Not Using Contact Responses,2013,IL,rf,3276
0.0898369956455114,0.0807077661568019,0.0888300821564578,Not Using Contact Responses,2015,IL,rf,3282
0.0968481982908234,0.104664215803734,0.104664215803734,Not Using Contact Responses,2017,IL,rf,5010
