real_prop,pred_prop,pred_prop_2017,predset,year,pred_state,model,n
0.104839175135925,0.103609726358787,0.103609726358787,Using Contact Responses,2017,TX,ridge,2113
0.104839175135925,0.102229117775069,0.102229117775069,Not Using Contact Responses,2017,TX,ridge,2113
