real_prop,pred_prop,pred_prop_2017,predset,year,pred_state,model,n
0.0599575011973573,0.0386283835528705,0.042004178685694,Using Contact Responses,2013,ME,logit,9017
0.0836722974910217,0.0370333499090387,0.0374380982726031,Using Contact Responses,2015,ME,logit,9605
0.112990328565787,0.0384256575473445,0.0384256575473445,Using Contact Responses,2017,ME,logit,9501
0.0599575011973573,0.0351087248617535,0.0386787179645002,Not Using Contact Responses,2013,ME,logit,9017
0.0836722974910217,0.0318781313780085,0.0322883656754922,Not Using Contact Responses,2015,ME,logit,9605
0.112990328565787,0.0335145983401304,0.0335145983401304,Not Using Contact Responses,2017,ME,logit,9501
