real_prop,pred_prop,pred_prop_2017,predset,year,pred_state,model,n
0.0763363600968691,0.103700826589511,0.108298407322385,Using Contact Responses,2015,MA,ridge,3120
0.0906065943241341,0.114871268787427,0.114871268787427,Using Contact Responses,2017,MA,ridge,3286
0.0763363600968691,0.104519231871817,0.109116812604691,Not Using Contact Responses,2015,MA,ridge,3120
0.0906065943241341,0.112163282930488,0.112163282930488,Not Using Contact Responses,2017,MA,ridge,3286
