real_prop,pred_prop,pred_prop_2017,predset,year,pred_state,model,n
0.0939873193167301,0.11731112436324,0.119521152466609,Using Contact Responses,2015,AR,lasso,2880
0.133964826333683,0.158018531591934,0.158018531591934,Using Contact Responses,2017,AR,lasso,1682
0.0939873193167301,0.118047603557216,0.120257631660585,Not Using Contact Responses,2015,AR,lasso,2880
0.133964826333683,0.153095735502261,0.153095735502261,Not Using Contact Responses,2017,AR,lasso,1682
