real_prop,pred_prop,pred_prop_2017,predset,year,pred_state,model,n
0.0763363600968691,0.164922848687325,0.175226262574236,Using Contact Responses,2015,MA,ols,3120
0.0906065943241341,0.16645781605051,0.16645781605051,Using Contact Responses,2017,MA,ols,3286
0.0763363600968691,0.166879744670441,0.177183158557352,Not Using Contact Responses,2015,MA,ols,3120
0.0906065943241341,0.164397809364903,0.164397809364903,Not Using Contact Responses,2017,MA,ols,3286
