real_prop,pred_prop,pred_prop_2017,predset,year,pred_state,model,n
0.0628094724524842,0.0658263839759367,0.068711803612801,Using Contact Responses,2013,HI,lasso,4631
0.0833875584898865,0.0759418119471843,0.0788272315840486,Using Contact Responses,2015,HI,lasso,6089
0.107834677635688,0.107671481778608,0.107671481778608,Using Contact Responses,2017,HI,lasso,6031
0.0628094724524842,0.0680511958834135,0.0709366155202778,Not Using Contact Responses,2013,HI,lasso,4631
0.0833875584898865,0.0788649043979869,0.0817503240348512,Not Using Contact Responses,2015,HI,lasso,6089
0.107834677635688,0.106797520202617,0.106797520202617,Not Using Contact Responses,2017,HI,lasso,6031
