real_prop,pred_prop,pred_prop_2017,predset,year,pred_state,model,n
0.0763363600968691,0.09982868484983,0.104476263864495,Using Contact Responses,2015,MA,ridgelog,3120
0.0906065943241341,0.115423515551274,0.115423515551274,Using Contact Responses,2017,MA,ridgelog,3286
0.0763363600968691,0.100742838811863,0.105879356378964,Not Using Contact Responses,2015,MA,ridgelog,3120
0.0906065943241341,0.113413534988375,0.113413534988375,Not Using Contact Responses,2017,MA,ridgelog,3286
