real_prop,pred_prop,pred_prop_2017,predset,year,pred_state,model,n
0.091674422819361,0.100058825698567,0.105045186689058,Using Contact Responses,2015,WV,ridge,1622
0.092228511261465,0.105490590385456,0.105490590385456,Using Contact Responses,2017,WV,ridge,1563
0.091674422819361,0.0974005220110352,0.102386883001527,Not Using Contact Responses,2015,WV,ridge,1622
0.092228511261465,0.104111829137418,0.104111829137418,Not Using Contact Responses,2017,WV,ridge,1563
