real_prop,pred_prop,pred_prop_2017,predset,year,pred_state,model,n
0.0599575011973573,0.0657579141779687,0.0657579141779687,Using Contact Responses,2013,ME,lasso,9017
0.0836722974910217,0.0640155628577361,0.0640155628577361,Using Contact Responses,2015,ME,lasso,9605
0.112990328565787,0.0690274005765995,0.0690274005765995,Using Contact Responses,2017,ME,lasso,9501
0.0599575011973573,0.0657053388605983,0.0657053388605983,Not Using Contact Responses,2013,ME,lasso,9017
0.0836722974910217,0.0621009147814248,0.0621009147814248,Not Using Contact Responses,2015,ME,lasso,9605
0.112990328565787,0.0672297127174158,0.0672297127174158,Not Using Contact Responses,2017,ME,lasso,9501
