real_prop,pred_prop,pred_prop_2017,predset,year,pred_state,model,n
0.0612016536077505,0.0799027394258094,0.0872896902449536,Using Contact Responses,2013,NH,rf,1634
0.0964664974824745,0.0911520060799047,0.0911520060799047,Using Contact Responses,2017,NH,rf,12050
0.0612016536077505,0.0727506939609848,0.0835006922460717,Not Using Contact Responses,2013,NH,rf,1634
0.0964664974824745,0.0839753651035337,0.0839753651035337,Not Using Contact Responses,2017,NH,rf,12050
