real_prop,pred_prop,pred_prop_2017,predset,year,pred_state,model,n
0.0756307522374961,0.0766254447729561,0.0772352718572387,Using Contact Responses,2015,CA,lasso,1943
0.0930920308158224,0.127861526378124,0.127861526378124,Using Contact Responses,2017,CA,lasso,1778
0.0756307522374961,0.0799271297926508,0.0805369568769334,Not Using Contact Responses,2015,CA,lasso,1943
0.0930920308158224,0.129064135392874,0.129064135392874,Not Using Contact Responses,2017,CA,lasso,1778
