real_prop,pred_prop,pred_prop_2017,predset,year,pred_state,model,n
0.059772000513074,0.0714568142996322,0.0758369196302948,Using Contact Responses,2013,MI,ridgelog,4266
0.0825986970076306,0.0918863999448074,0.096404821606525,Using Contact Responses,2015,MI,ridgelog,4816
0.087130996877782,0.11329890659346,0.11329890659346,Using Contact Responses,2017,MI,ridgelog,1626
0.059772000513074,0.069915795835314,0.0746880825898849,Not Using Contact Responses,2013,MI,ridgelog,4266
0.0825986970076306,0.0897186212369775,0.0946671448666516,Not Using Contact Responses,2015,MI,ridgelog,4816
0.087130996877782,0.111630899769518,0.111630899769518,Not Using Contact Responses,2017,MI,ridgelog,1626
