real_prop,pred_prop,pred_prop_2017,predset,year,pred_state,model,n
0.0756307522374961,0.0759226686473462,0.079798398962979,Using Contact Responses,2015,CA,lassolog,1943
0.0930920308158224,0.119895626398247,0.119895626398247,Using Contact Responses,2017,CA,lassolog,1778
0.0756307522374961,0.0781482840504322,0.082501916836003,Not Using Contact Responses,2015,CA,lassolog,1943
0.0930920308158224,0.123742327124798,0.123742327124798,Not Using Contact Responses,2017,CA,lassolog,1778
