real_prop,pred_prop,pred_prop_2017,predset,year,pred_state,model,n
0.0838786098499776,0.0869630013697812,0.0869630013697812,Using Contact Responses,2017,IA,ridgelog,1691
0.0838786098499776,0.0853284713140861,0.0853284713140861,Not Using Contact Responses,2017,IA,ridgelog,1691
