real_prop,pred_prop,pred_prop_2017,predset,year,pred_state,model,n
0.0763363600968691,0.14681788972796,0.156608576708304,Using Contact Responses,2015,MA,logit,3120
0.0906065943241341,0.157544901599054,0.157544901599054,Using Contact Responses,2017,MA,logit,3286
0.0763363600968691,0.15692271184781,0.168134449443298,Not Using Contact Responses,2015,MA,logit,3120
0.0906065943241341,0.162957550254534,0.162957550254534,Not Using Contact Responses,2017,MA,logit,3286
