real_prop,pred_prop,pred_prop_2017,predset,year,pred_state,model,n
0.0756307522374961,0.0568188835322452,0.0603107216236642,Using Contact Responses,2015,CA,logit,1943
0.0930920308158224,0.100672602791008,0.100672602791008,Using Contact Responses,2017,CA,logit,1778
0.0756307522374961,0.0573766636100287,0.0612695144044939,Not Using Contact Responses,2015,CA,logit,1943
0.0930920308158224,0.103030969824388,0.103030969824388,Not Using Contact Responses,2017,CA,logit,1778
