real_prop,pred_prop,pred_prop_2017,predset,year,pred_state,model,n
0.0753629931178234,0.0665650066273855,0.0811605323131281,Using Contact Responses,2013,RI,gbrt,2453
0.0951338758955237,0.0844241837051022,0.0927463897128534,Using Contact Responses,2015,RI,gbrt,3462
0.109487118907166,0.103769194662656,0.103769194662656,Using Contact Responses,2017,RI,gbrt,2221
0.0753629931178234,0.0642359473110635,0.0811077326835424,Not Using Contact Responses,2013,RI,gbrt,2453
0.0951338758955237,0.0845017158703357,0.0942880339670972,Not Using Contact Responses,2015,RI,gbrt,3462
0.109487118907166,0.101597368132422,0.101597368132422,Not Using Contact Responses,2017,RI,gbrt,2221
