real_prop,pred_prop,pred_prop_2017,predset,year,pred_state,model,n
0.07954842799682,0.123707355023816,0.127365389838655,Using Contact Responses,2015,VT,logit,21013
0.099859188027376,0.115932829504478,0.115932829504478,Using Contact Responses,2017,VT,logit,20653
0.07954842799682,0.128676453039214,0.132897764352375,Not Using Contact Responses,2015,VT,logit,21013
0.099859188027376,0.120138538609018,0.120138538609018,Not Using Contact Responses,2017,VT,logit,20653
