real_prop,pred_prop,pred_prop_2017,predset,year,pred_state,model,n
0.0825797937555432,0.0908651340727305,0.0944645723509567,Using Contact Responses,2015,PA,ridgelog,2899
0.0907675070964858,0.131761069577003,0.131761069577003,Using Contact Responses,2017,PA,ridgelog,3761
0.0825797937555432,0.0904966060808415,0.0944587908509568,Not Using Contact Responses,2015,PA,ridgelog,2899
0.0907675070964858,0.134576193395963,0.134576193395963,Not Using Contact Responses,2017,PA,ridgelog,3761
