real_prop,pred_prop,pred_prop_2017,predset,year,pred_state,model,n
0.117408697019487,0.0886256058749753,0.0886256058749753,Not Using Contact Responses,2017,MD,ols,51087
0.105672762642636,0.0809818759801751,0.0968211459311342,Using Contact Responses,2015,MD,ols,55596
0.105672762642636,0.0756891431498342,0.0915284131007932,Not Using Contact Responses,2015,MD,ols,55596
