real_prop,pred_prop,pred_prop_2017,predset,year,pred_state,model,n
0.0929028176031623,0.0871264010880735,0.0959930440208505,Using Contact Responses,2015,NV,gbrt,1452
0.130572052976703,0.113383899360558,0.113383899360558,Using Contact Responses,2017,NV,gbrt,1667
0.0929028176031623,0.0822459415769832,0.0929430472466332,Not Using Contact Responses,2015,NV,gbrt,1452
0.130572052976703,0.105935767554263,0.105935767554263,Not Using Contact Responses,2017,NV,gbrt,1667
