real_prop,pred_prop,pred_prop_2017,predset,year,pred_state,model,n
0.0763363600968691,0.100532967244419,0.107065289282458,Using Contact Responses,2015,MA,lassolog,3120
0.0906065943241341,0.12324290579115,0.12324290579115,Using Contact Responses,2017,MA,lassolog,3286
0.0763363600968691,0.102550365672703,0.109935650489147,Not Using Contact Responses,2015,MA,lassolog,3120
0.0906065943241341,0.12318864714943,0.12318864714943,Not Using Contact Responses,2017,MA,lassolog,3286
